来源,字段,原始名称,统计名称,出现次数,归并类型,规则来源
发行台账0924/总表,托管行,上银北分,上海银行,22,托管行分行归并,scripts/entity_alias.py:BANK_NORM_MAP/银行名提取
发行台账0924/总表,托管行,上银浦东分行,上海银行,1,托管行分行归并,scripts/entity_alias.py:BANK_NORM_MAP/银行名提取
发行台账0924/总表,托管行,中信北分,中信银行,27,托管行分行归并,scripts/entity_alias.py:BANK_NORM_MAP/银行名提取
发行台账0924/总表,托管行,中行北分,中国银行,145,托管行分行归并,scripts/entity_alias.py:BANK_NORM_MAP/银行名提取
发行台账0924/总表,托管行,中邮北分,邮储银行,48,托管行分行归并,scripts/entity_alias.py:BANK_NORM_MAP/银行名提取
发行台账0924/总表,托管行,中银北分,中国银行,21,托管行分行归并,scripts/entity_alias.py:BANK_NORM_MAP/银行名提取
发行台账0924/总表,托管行,交行北分,交通银行,130,托管行分行归并,scripts/entity_alias.py:BANK_NORM_MAP/银行名提取
发行台账0924/总表,托管行,交银北分,交通银行,24,托管行分行归并,scripts/entity_alias.py:BANK_NORM_MAP/银行名提取
发行台账0924/总表,托管行,光大北分,光大银行,121,托管行分行归并,scripts/entity_alias.py:BANK_NORM_MAP/银行名提取
发行台账0924/总表,托管行,光大重分,光大银行,112,托管行分行归并,scripts/entity_alias.py:BANK_NORM_MAP/银行名提取
发行台账0924/总表,托管行,兴业北分,兴业银行,213,托管行分行归并,scripts/entity_alias.py:BANK_NORM_MAP/银行名提取
发行台账0924/总表,托管行,兴银北分,兴业银行,2,托管行分行归并,scripts/entity_alias.py:BANK_NORM_MAP/银行名提取
发行台账0924/总表,托管行,北京银行西单支行,北京银行,26,托管行分行归并,scripts/entity_alias.py:BANK_NORM_MAP/银行名提取
发行台账0924/总表,托管行,华夏北分,华夏银行,21,托管行分行归并,scripts/entity_alias.py:BANK_NORM_MAP/银行名提取
发行台账0924/总表,托管行,南京南分,南京银行,1,托管行分行归并,scripts/entity_alias.py:BANK_NORM_MAP/银行名提取
发行台账0924/总表,托管行,南京银行,南京银行,2,原名保留,
发行台账0924/总表,托管行,南银北分,南京银行,6,托管行分行归并,scripts/entity_alias.py:BANK_NORM_MAP/银行名提取
发行台账0924/总表,托管行,工行天津,工商银行,39,托管行分行归并,scripts/entity_alias.py:BANK_NORM_MAP/银行名提取
发行台账0924/总表,托管行,工银天分,工商银行,318,托管行分行归并,scripts/entity_alias.py:BANK_NORM_MAP/银行名提取
发行台账0924/总表,托管行,平安北分,平安银行,91,托管行分行归并,scripts/entity_alias.py:BANK_NORM_MAP/银行名提取
发行台账0924/总表,托管行,广发北分,广发银行,50,托管行分行归并,scripts/entity_alias.py:BANK_NORM_MAP/银行名提取
发行台账0924/总表,托管行,广发银行,广发银行,37,原名保留,
发行台账0924/总表,托管行,建行北分,建设银行,194,托管行分行归并,scripts/entity_alias.py:BANK_NORM_MAP/银行名提取
发行台账0924/总表,托管行,招行北分,招商银行,218,托管行分行归并,scripts/entity_alias.py:BANK_NORM_MAP/银行名提取
发行台账0924/总表,托管行,招银北分,招商银行,34,托管行分行归并,scripts/entity_alias.py:BANK_NORM_MAP/银行名提取
发行台账0924/总表,托管行,杭州北分,杭州银行,86,托管行分行归并,scripts/entity_alias.py:BANK_NORM_MAP/银行名提取
发行台账0924/总表,托管行,民生北分,民生银行,279,托管行分行归并,scripts/entity_alias.py:BANK_NORM_MAP/银行名提取
发行台账0924/总表,托管行,江苏北分,江苏银行,202,托管行分行归并,scripts/entity_alias.py:BANK_NORM_MAP/银行名提取
发行台账0924/总表,托管行,浙商上分,浙商银行,28,托管行分行归并,scripts/entity_alias.py:BANK_NORM_MAP/银行名提取
发行台账0924/总表,托管行,浦发北分,浦发银行,22,托管行分行归并,scripts/entity_alias.py:BANK_NORM_MAP/银行名提取
发行台账0924/总表,托管行,渤海银行上海自贸区分行,渤海银行,28,托管行分行归并,scripts/entity_alias.py:BANK_NORM_MAP/银行名提取
发行台账0924/总表,托管行,渤海银行自贸区分行,渤海银行,27,托管行分行归并,scripts/entity_alias.py:BANK_NORM_MAP/银行名提取
发行台账0924/总表,托管行,邮储中关村,邮储银行,38,托管行分行归并,scripts/entity_alias.py:BANK_NORM_MAP/银行名提取
发行台账0924/总表,托管行,邮储北分,邮储银行,136,托管行分行归并,scripts/entity_alias.py:BANK_NORM_MAP/银行名提取
发行台账0924/总表,托管行,青岛银行,青岛银行,155,原名保留,
发行台账0924/总表,托管行,青岛银行总行,青岛银行,59,托管行分行归并,scripts/entity_alias.py:BANK_NORM_MAP/银行名提取
发行台账0924/总表,穿透机构,上海利曦基金,上海利曦基金,2,原名保留,
发行台账0924/总表,穿透机构,上海利曦私募,上海利曦私募,10,原名保留,
发行台账0924/总表,穿透机构,上海利曦私募基金管理合伙企业,上海利曦私募基金管理合伙企业,5,原名保留,
发行台账0924/总表,穿透机构,上海远行私募,上海远行私募,3,原名保留,
发行台账0924/总表,穿透机构,上银基金,上银基金,1,原名保留,
发行台账0924/总表,穿透机构,上银理财,上银理财,17,原名保留,
发行台账0924/总表,穿透机构,东方证券股份有限公司,东方证券,1,投资者格式/后缀规则,scripts/abs_common.py:normalize_investor_name
发行台账0924/总表,穿透机构,东方财富证券,东方财富证券,2,原名保留,
发行台账0924/总表,穿透机构,东莞农商行,东莞农商行,1,原名保留,
发行台账0924/总表,穿透机构,中信建投,中信建投,8,原名保留,
发行台账0924/总表,穿透机构,中信建投-衍生品,中信建投-衍生品,1,原名保留,
发行台账0924/总表,穿透机构,中信建投固收投顾,中信建投固收（投顾）,1,投资者格式/后缀规则,scripts/abs_common.py:normalize_investor_name
发行台账0924/总表,穿透机构,中信建投机构部,中信建投机构部,1,原名保留,
发行台账0924/总表,穿透机构,中信建投衍生品,中信建投衍生品,2,原名保留,
发行台账0924/总表,穿透机构,中信建投衍生品投顾,中信建投衍生品（投顾）,4,投资者格式/后缀规则,scripts/abs_common.py:normalize_investor_name
发行台账0924/总表,穿透机构,中信建投衍生品自营,中信建投衍生品（自营）,3,投资者格式/后缀规则,scripts/abs_common.py:normalize_investor_name
发行台账0924/总表,穿透机构,中信建投证券,中信建投证券,7,原名保留,
发行台账0924/总表,穿透机构,中信建投证券投行,中信建投证券（投行）,2,投资者格式/后缀规则,scripts/abs_common.py:normalize_investor_name
发行台账0924/总表,穿透机构,中信建投证券股份有限公司,中信建投证券,3,投资者格式/后缀规则,scripts/abs_common.py:normalize_investor_name
发行台账0924/总表,穿透机构,中信建投（固收投顾）,中信建投（固收投顾）,1,原名保留,
发行台账0924/总表,穿透机构,中信建投（投行上报）,中信建投,2,投资者格式/后缀规则,scripts/abs_common.py:normalize_investor_name
发行台账0924/总表,穿透机构,中信建投（投顾）,中信建投（投顾）,2,原名保留,
发行台账0924/总表,穿透机构,中信建投（机构部）,中信建投（机构部）,1,原名保留,
发行台账0924/总表,穿透机构,中信建投（衍生品部）,中信建投（衍生品部）,1,原名保留,
发行台账0924/总表,穿透机构,中信建投（衍生品）,中信建投（衍生品）,1,原名保留,
发行台账0924/总表,穿透机构,中信投顾,中信（投顾）,11,投资者格式/后缀规则,scripts/abs_common.py:normalize_investor_name
发行台账0924/总表,穿透机构,中信投顾1,中信投顾1,1,原名保留,
发行台账0924/总表,穿透机构,中信投顾2,中信投顾2,1,原名保留,
发行台账0924/总表,穿透机构,中信投顾3,中信投顾3,1,原名保留,
发行台账0924/总表,穿透机构,中信证券,中信证券,8,原名保留,
发行台账0924/总表,穿透机构,中信证券投行,中信证券（投行）,6,投资者格式/后缀规则,scripts/abs_common.py:normalize_investor_name
发行台账0924/总表,穿透机构,中信证券投顾,中信证券（投顾）,17,投资者格式/后缀规则,scripts/abs_common.py:normalize_investor_name
发行台账0924/总表,穿透机构,中信证券股份有限公司,中信证券,2,投资者格式/后缀规则,scripts/abs_common.py:normalize_investor_name
发行台账0924/总表,穿透机构,中信证券股份有限公司（投顾）,中信证券股份有限公司（投顾）,1,原名保留,
发行台账0924/总表,穿透机构,中信证券股份有限公司（自营）,中信证券股份有限公司（自营）,1,原名保留,
发行台账0924/总表,穿透机构,中信证券股份有限公司（资管）,中信证券股份有限公司（资管）,1,原名保留,
发行台账0924/总表,穿透机构,中信证券自营,中信证券（自营）,8,投资者格式/后缀规则,scripts/abs_common.py:normalize_investor_name
发行台账0924/总表,穿透机构,中信证券财富,中信证券财富,2,原名保留,
发行台账0924/总表,穿透机构,中信证券资管,中信证券资管,4,原名保留,
发行台账0924/总表,穿透机构,中信证券（固收-投顾）,中信证券（固收-投顾）,2,原名保留,
发行台账0924/总表,穿透机构,中信证券（投行上报),中信证券,2,投资者格式/后缀规则,scripts/abs_common.py:normalize_investor_name
发行台账0924/总表,穿透机构,中信证券（投行上报）,中信证券,16,投资者格式/后缀规则,scripts/abs_common.py:normalize_investor_name
发行台账0924/总表,穿透机构,中信证券（投顾）,中信证券（投顾）,10,原名保留,
发行台账0924/总表,穿透机构,中原信托（中信投顾）,中原信托（中信投顾）,1,原名保留,
发行台账0924/总表,穿透机构,中国国际金融股份有限公司,中国国际金融,4,投资者格式/后缀规则,scripts/abs_common.py:normalize_investor_name
发行台账0924/总表,穿透机构,中国国际金融股份有限公司（投顾）,中国国际金融股份有限公司（投顾）,1,原名保留,
发行台账0924/总表,穿透机构,中国国际金融股份有限公司（自营）,中国国际金融股份有限公司（自营）,1,原名保留,
发行台账0924/总表,穿透机构,中国建设银行股份有限公司,中国建设银行,2,投资者格式/后缀规则,scripts/abs_common.py:normalize_investor_name
发行台账0924/总表,穿透机构,中建投信托,中建投信托,1,原名保留,
发行台账0924/总表,穿透机构,中泰证券,中泰（自营）,4,跨面板精确别名,data/institution_alias_registry.json
发行台账0924/总表,穿透机构,中泰证券股份有限公司,中泰（自营）,1,投资者格式/后缀规则,scripts/abs_common.py:normalize_investor_name
发行台账0924/总表,穿透机构,中邮理财,中邮理财,101,原名保留,
发行台账0924/总表,穿透机构,中邮理财有限责任公司,中邮理财,7,投资者格式/后缀规则,scripts/abs_common.py:normalize_investor_name
发行台账0924/总表,穿透机构,中金,中金公司,3,投资者旧版显式别名,scripts/abs_common.py:normalize_investor_name
发行台账0924/总表,穿透机构,中金公司,中金公司,18,原名保留,
发行台账0924/总表,穿透机构,中金公司自营,中金公司（自营）,13,投资者格式/后缀规则,scripts/abs_common.py:normalize_investor_name
发行台账0924/总表,穿透机构,中金公司（固定收益部）,中金公司（固定收益部）,4,原名保留,
发行台账0924/总表,穿透机构,中金公司（固收）,中金公司（固收）,6,原名保留,
发行台账0924/总表,穿透机构,中金公司（投顾）,中金公司（投顾）,8,原名保留,
发行台账0924/总表,穿透机构,中金公司（自营）,中金公司（自营）,2,原名保留,
发行台账0924/总表,穿透机构,中金投顾,中金公司（投顾）,13,投资者旧版显式别名,scripts/abs_common.py:normalize_investor_name
发行台账0924/总表,穿透机构,中金自营,中金公司（自营）,42,跨面板精确别名,data/institution_alias_registry.json
发行台账0924/总表,穿透机构,中金自营-主动需求,中金自营-主动需求,1,原名保留,
发行台账0924/总表,穿透机构,中金财富,中金财富,11,原名保留,
发行台账0924/总表,穿透机构,中金财富证券,中金财富证券,3,原名保留,
发行台账0924/总表,穿透机构,中金财富（自营）,中金财富（自营）,1,原名保留,
发行台账0924/总表,穿透机构,中金资管,中金公司（资管）,11,投资者旧版显式别名,scripts/abs_common.py:normalize_investor_name
发行台账0924/总表,穿透机构,中金资管投顾,中金资管（投顾）,2,投资者格式/后缀规则,scripts/abs_common.py:normalize_investor_name
发行台账0924/总表,穿透机构,中银理财,中银理财,48,原名保留,
发行台账0924/总表,穿透机构,中银理财有限责任公司,中银理财,9,投资者格式/后缀规则,scripts/abs_common.py:normalize_investor_name
发行台账0924/总表,穿透机构,交银理财,交银理财,150,原名保留,
发行台账0924/总表,穿透机构,交银理财有限责任公司,交银理财,10,投资者格式/后缀规则,scripts/abs_common.py:normalize_investor_name
发行台账0924/总表,穿透机构,信达证券,信达（自营）,12,跨面板精确别名,data/institution_alias_registry.json
发行台账0924/总表,穿透机构,信银理财,信银理财,30,原名保留,
发行台账0924/总表,穿透机构,信银理财有限责任公司,信银理财,3,投资者格式/后缀规则,scripts/abs_common.py:normalize_investor_name
发行台账0924/总表,穿透机构,光大理财,光大理财,22,原名保留,
发行台账0924/总表,穿透机构,光大证券,光大证券,10,原名保留,
发行台账0924/总表,穿透机构,光大证券投行,光大证券（投行）,1,投资者格式/后缀规则,scripts/abs_common.py:normalize_investor_name
发行台账0924/总表,穿透机构,光大证券自营,光大证券（自营）,1,投资者格式/后缀规则,scripts/abs_common.py:normalize_investor_name
发行台账0924/总表,穿透机构,光大证券（包销）,光大证券（包销）,1,原名保留,
发行台账0924/总表,穿透机构,光大证券（投行上报）,光大证券,3,投资者格式/后缀规则,scripts/abs_common.py:normalize_investor_name
发行台账0924/总表,穿透机构,兴业证券,兴业证券,4,原名保留,
发行台账0924/总表,穿透机构,兴业证券投行,兴业证券（投行）,2,投资者格式/后缀规则,scripts/abs_common.py:normalize_investor_name
发行台账0924/总表,穿透机构,兴业证券股份有限公司,兴业证券,6,投资者格式/后缀规则,scripts/abs_common.py:normalize_investor_name
发行台账0924/总表,穿透机构,兴业证券（投行上报）,兴业证券,2,投资者格式/后缀规则,scripts/abs_common.py:normalize_investor_name
发行台账0924/总表,穿透机构,兴银理财,兴银理财,28,原名保留,
发行台账0924/总表,穿透机构,兴银理财-兴稳1号,兴银理财-兴稳1号,2,原名保留,
发行台账0924/总表,穿透机构,兴银理财-淳享1号,兴银理财-淳享1号,1,原名保留,
发行台账0924/总表,穿透机构,兴银理财有限责任公司,兴银理财,1,投资者格式/后缀规则,scripts/abs_common.py:normalize_investor_name
发行台账0924/总表,穿透机构,利曦基金,利曦基金,60,原名保留,
发行台账0924/总表,穿透机构,利曦私募,利曦私募,2,原名保留,
发行台账0924/总表,穿透机构,利曦私募基金,利曦私募基金,5,原名保留,
发行台账0924/总表,穿透机构,前海开源,前海开源,1,原名保留,
发行台账0924/总表,穿透机构,北银理财,北银理财,1,原名保留,
发行台账0924/总表,穿透机构,华兴证券,华兴（自营）,4,跨面板精确别名,data/institution_alias_registry.json
发行台账0924/总表,穿透机构,华兴证券有限公司,华兴（自营）,1,投资者格式/后缀规则,scripts/abs_common.py:normalize_investor_name
发行台账0924/总表,穿透机构,华兴银行,华兴银行,3,原名保留,
发行台账0924/总表,穿透机构,华夏基金,华夏基金,19,原名保留,
发行台账0924/总表,穿透机构,华夏基金管理,华夏基金管理,1,原名保留,
发行台账0924/总表,穿透机构,华夏理财,华夏理财,31,原名保留,
发行台账0924/总表,穿透机构,华宝证券资管,华宝证券资管,2,原名保留,
发行台账0924/总表,穿透机构,华宝证券（资管）,华宝证券资管,1,投资者旧版显式别名,scripts/abs_common.py:normalize_investor_name
发行台账0924/总表,穿透机构,华宝资管,华宝证券资管,2,投资者旧版显式别名,scripts/abs_common.py:normalize_investor_name
发行台账0924/总表,穿透机构,华泰保兴基金,华泰保兴基金,1,原名保留,
发行台账0924/总表,穿透机构,华泰证券自营,华泰证券（自营）,1,投资者格式/后缀规则,scripts/abs_common.py:normalize_investor_name
发行台账0924/总表,穿透机构,华泰证券（资管）,华泰证券（资管）,1,原名保留,
发行台账0924/总表,穿透机构,华泰资管,华泰资管,3,原名保留,
发行台账0924/总表,穿透机构,华福证券,华福证券,9,原名保留,
发行台账0924/总表,穿透机构,华福证券投行,华福证券（投行）,1,投资者格式/后缀规则,scripts/abs_common.py:normalize_investor_name
发行台账0924/总表,穿透机构,华鑫国际信托(建投投顾）,华鑫国际信托(建投投顾）,1,原名保留,
发行台账0924/总表,穿透机构,南京银行,南京银行,3,原名保留,
发行台账0924/总表,穿透机构,南京银行股份有限公司,南京银行,1,投资者格式/后缀规则,scripts/abs_common.py:normalize_investor_name
发行台账0924/总表,穿透机构,南京银行自营,南京银行（自营）,1,投资者格式/后缀规则,scripts/abs_common.py:normalize_investor_name
发行台账0924/总表,穿透机构,南京银行（投行上报）,南京银行,1,投资者格式/后缀规则,scripts/abs_common.py:normalize_investor_name
发行台账0924/总表,穿透机构,南海农商,南海农商,1,原名保留,
发行台账0924/总表,穿透机构,南银理财,南银理财,1,原名保留,
发行台账0924/总表,穿透机构,厦门国际信托（中信投顾）,厦门国际信托（中信投顾）,1,原名保留,
发行台账0924/总表,穿透机构,厦门汇正,厦门汇正,8,原名保留,
发行台账0924/总表,穿透机构,国信证券,国信证券,26,原名保留,
发行台账0924/总表,穿透机构,国信证券股份有限公司,国信证券,1,投资者格式/后缀规则,scripts/abs_common.py:normalize_investor_name
发行台账0924/总表,穿透机构,国信证券自营,国信证券（自营）,1,投资者格式/后缀规则,scripts/abs_common.py:normalize_investor_name
发行台账0924/总表,穿透机构,国信证券（固收）,国信证券（固收）,1,原名保留,
发行台账0924/总表,穿透机构,国信证券（投行上报）,国信证券,6,投资者格式/后缀规则,scripts/abs_common.py:normalize_investor_name
发行台账0924/总表,穿透机构,国信证券（投行）,国信证券（投行）,1,原名保留,
发行台账0924/总表,穿透机构,国开证券,国开证券,1,原名保留,
发行台账0924/总表,穿透机构,国开证券股份有限公司,国开证券,2,投资者格式/后缀规则,scripts/abs_common.py:normalize_investor_name
发行台账0924/总表,穿透机构,国开证券（投行上报）,国开证券,1,投资者格式/后缀规则,scripts/abs_common.py:normalize_investor_name
发行台账0924/总表,穿透机构,国投证券,国投证券,2,原名保留,
发行台账0924/总表,穿透机构,国新证券资管,国新证券资管,1,原名保留,
发行台账0924/总表,穿透机构,国泰海通,国泰海通,17,原名保留,
发行台账0924/总表,穿透机构,国泰海通投行,国泰海通（投行）,1,投资者格式/后缀规则,scripts/abs_common.py:normalize_investor_name
发行台账0924/总表,穿透机构,国泰海通投顾,国泰海通（投顾）,5,投资者格式/后缀规则,scripts/abs_common.py:normalize_investor_name
发行台账0924/总表,穿透机构,国泰海通证券,国泰海通证券,1,原名保留,
发行台账0924/总表,穿透机构,国泰海通证券投行,国泰海通证券（投行）,1,投资者格式/后缀规则,scripts/abs_common.py:normalize_investor_name
发行台账0924/总表,穿透机构,国泰海通证券股份有限公司,国泰海通证券,2,投资者格式/后缀规则,scripts/abs_common.py:normalize_investor_name
发行台账0924/总表,穿透机构,国泰海通（客需部）,国泰海通（客需部）,1,原名保留,
发行台账0924/总表,穿透机构,国泰海通（投行上报）,国泰海通,4,投资者格式/后缀规则,scripts/abs_common.py:normalize_investor_name
发行台账0924/总表,穿透机构,国联民生,国联民生,1,原名保留,
发行台账0924/总表,穿透机构,国联民生投行,国联民生（投行）,1,投资者格式/后缀规则,scripts/abs_common.py:normalize_investor_name
发行台账0924/总表,穿透机构,国联证券,国联证券,3,原名保留,
发行台账0924/总表,穿透机构,国金自营,国金（自营）,2,投资者格式/后缀规则,scripts/abs_common.py:normalize_investor_name
发行台账0924/总表,穿透机构,国金资管,国金资管,3,原名保留,
发行台账0924/总表,穿透机构,宁夏银行,宁夏银行,6,原名保留,
发行台账0924/总表,穿透机构,宝武财务,宝武财务,17,原名保留,
发行台账0924/总表,穿透机构,宝武集团财务公司,宝武集团财务公司,1,原名保留,
发行台账0924/总表,穿透机构,宿迁钧腾,宿迁钧腾,2,原名保留,
发行台账0924/总表,穿透机构,富民银行,富民银行,3,原名保留,
发行台账0924/总表,穿透机构,工银理财,工银理财,48,原名保留,
发行台账0924/总表,穿透机构,工银理财有限责任公司,工银理财,5,投资者格式/后缀规则,scripts/abs_common.py:normalize_investor_name
发行台账0924/总表,穿透机构,工银瑞信基金,工银瑞信基金,4,原名保留,
发行台账0924/总表,穿透机构,平安养老,平安养老,4,原名保留,
发行台账0924/总表,穿透机构,平安养老保险,平安养老保险,4,原名保留,
发行台账0924/总表,穿透机构,平安养老保险股份有限公司,平安养老保险,5,投资者格式/后缀规则,scripts/abs_common.py:normalize_investor_name
发行台账0924/总表,穿透机构,平安理财,平安理财,26,原名保留,
发行台账0924/总表,穿透机构,平安理财有限责任公司,平安理财,4,投资者格式/后缀规则,scripts/abs_common.py:normalize_investor_name
发行台账0924/总表,穿透机构,平安证券,平安证券,6,原名保留,
发行台账0924/总表,穿透机构,平安资产,平安资产,17,原名保留,
发行台账0924/总表,穿透机构,平安资产管理,平安资产管理,2,原名保留,
发行台账0924/总表,穿透机构,平安资管,平安资管,1,原名保留,
发行台账0924/总表,穿透机构,平安银行,平安银行,7,原名保留,
发行台账0924/总表,穿透机构,平安银行（金融同业部）,平安银行（金融同业部）,1,原名保留,
发行台账0924/总表,穿透机构,广发证券,广发证券,1,原名保留,
发行台账0924/总表,穿透机构,广发资管,广发资管,5,原名保留,
发行台账0924/总表,穿透机构,广州银行,广州银行,4,原名保留,
发行台账0924/总表,穿透机构,广银理财,广银理财,19,原名保留,
发行台账0924/总表,穿透机构,建信信托,建信信托,76,原名保留,
发行台账0924/总表,穿透机构,建信信托单1,建信信托单1,1,原名保留,
发行台账0924/总表,穿透机构,建信信托单2,建信信托单2,1,原名保留,
发行台账0924/总表,穿透机构,建信信托有限责任公司,建信信托,7,投资者格式/后缀规则,scripts/abs_common.py:normalize_investor_name
发行台账0924/总表,穿透机构,建信信托（代建信理财）,建信信托（代建信理财）,1,原名保留,
发行台账0924/总表,穿透机构,建信信托（建信理财）,建信信托（建信理财）,1,原名保留,
发行台账0924/总表,穿透机构,建信基金,建信基金,2,原名保留,
发行台账0924/总表,穿透机构,建信理财,建信理财,44,原名保留,
发行台账0924/总表,穿透机构,建信理财有限责任公司,建信理财,2,投资者格式/后缀规则,scripts/abs_common.py:normalize_investor_name
发行台账0924/总表,穿透机构,建投投顾,建投（投顾）,2,投资者格式/后缀规则,scripts/abs_common.py:normalize_investor_name
发行台账0924/总表,穿透机构,建投机构部,中信建投（机构部）,7,投资者旧版显式别名,scripts/abs_common.py:normalize_investor_name
发行台账0924/总表,穿透机构,建投自营,中信建投（自营）,1,投资者旧版显式别名,scripts/abs_common.py:normalize_investor_name
发行台账0924/总表,穿透机构,建投衍生品,建投衍生品,2,原名保留,
发行台账0924/总表,穿透机构,建投衍生品投顾,建投衍生品（投顾）,4,投资者格式/后缀规则,scripts/abs_common.py:normalize_investor_name
发行台账0924/总表,穿透机构,建投衍生品自营,建投衍生品（自营）,2,投资者格式/后缀规则,scripts/abs_common.py:normalize_investor_name
发行台账0924/总表,穿透机构,建设银行,建设银行,2,原名保留,
发行台账0924/总表,穿透机构,建设银行（投行上报）,建设银行,1,投资者格式/后缀规则,scripts/abs_common.py:normalize_investor_name
发行台账0924/总表,穿透机构,德邦自营,德邦（自营）,1,投资者格式/后缀规则,scripts/abs_common.py:normalize_investor_name
发行台账0924/总表,穿透机构,德邦证券,德邦证券,3,原名保留,
发行台账0924/总表,穿透机构,德邦证券投行,德邦证券（投行）,1,投资者格式/后缀规则,scripts/abs_common.py:normalize_investor_name
发行台账0924/总表,穿透机构,德邦证券自营,德邦证券（自营）,1,投资者格式/后缀规则,scripts/abs_common.py:normalize_investor_name
发行台账0924/总表,穿透机构,徽商银行,徽商银行,2,原名保留,
发行台账0924/总表,穿透机构,恒丰银行,恒丰银行,1,原名保留,
发行台账0924/总表,穿透机构,招商证券,招商证券,12,原名保留,
发行台账0924/总表,穿透机构,招商证券投行,招商证券（投行）,2,投资者格式/后缀规则,scripts/abs_common.py:normalize_investor_name
发行台账0924/总表,穿透机构,招商证券股份有限公司,招商证券,1,投资者格式/后缀规则,scripts/abs_common.py:normalize_investor_name
发行台账0924/总表,穿透机构,招商证券（投行上报）,招商证券,1,投资者格式/后缀规则,scripts/abs_common.py:normalize_investor_name
发行台账0924/总表,穿透机构,招银理财,招银理财,62,原名保留,
发行台账0924/总表,穿透机构,招银理财有限责任公司,招银理财,10,投资者格式/后缀规则,scripts/abs_common.py:normalize_investor_name
发行台账0924/总表,穿透机构,易方达,易方达基金,15,投资者旧版显式别名,scripts/abs_common.py:normalize_investor_name
发行台账0924/总表,穿透机构,易方达基金,易方达基金,36,原名保留,
发行台账0924/总表,穿透机构,易方达基金管理有限公司,易方达基金管理,4,投资者格式/后缀规则,scripts/abs_common.py:normalize_investor_name
发行台账0924/总表,穿透机构,朗姿韩亚,朗姿韩亚,3,原名保留,
发行台账0924/总表,穿透机构,杭州农商行资管,杭州农商行资管,2,原名保留,
发行台账0924/总表,穿透机构,杭州联合,杭州联合银行,6,跨面板精确别名,data/institution_alias_registry.json
发行台账0924/总表,穿透机构,杭州联合农,杭州联合农,1,原名保留,
发行台账0924/总表,穿透机构,杭州联合农商,杭州联合农商,1,原名保留,
发行台账0924/总表,穿透机构,杭州联合农商行,杭州联合农商行,4,原名保留,
发行台账0924/总表,穿透机构,杭州联合农村商业银行股份有限公司,杭州联合农村商业银行,4,投资者格式/后缀规则,scripts/abs_common.py:normalize_investor_name
发行台账0924/总表,穿透机构,杭州联合银行,杭州联合银行,13,原名保留,
发行台账0924/总表,穿透机构,杭州银行,杭州银行,7,原名保留,
发行台账0924/总表,穿透机构,杭州银行股份有限公司,杭州银行,5,投资者格式/后缀规则,scripts/abs_common.py:normalize_investor_name
发行台账0924/总表,穿透机构,杭州银行自营,杭州银行（自营）,2,投资者格式/后缀规则,scripts/abs_common.py:normalize_investor_name
发行台账0924/总表,穿透机构,杭州银行金市,杭州银行金市,1,原名保留,
发行台账0924/总表,穿透机构,杭银理财,杭银理财,8,原名保留,
发行台账0924/总表,穿透机构,杭银理财有限责任公司,杭银理财,5,投资者格式/后缀规则,scripts/abs_common.py:normalize_investor_name
发行台账0924/总表,穿透机构,民生理财,民生理财,62,原名保留,
发行台账0924/总表,穿透机构,汇华理财,汇华理财,3,原名保留,
发行台账0924/总表,穿透机构,江苏银行,江苏银行,4,原名保留,
发行台账0924/总表,穿透机构,江苏银行股份有限公司,江苏银行,2,投资者格式/后缀规则,scripts/abs_common.py:normalize_investor_name
发行台账0924/总表,穿透机构,江苏银行自营,江苏银行（自营）,2,投资者格式/后缀规则,scripts/abs_common.py:normalize_investor_name
发行台账0924/总表,穿透机构,沛轩投资,沛轩投资,3,原名保留,
发行台账0924/总表,穿透机构,浦银理财,浦银理财,21,原名保留,
发行台账0924/总表,穿透机构,渝农商理财,渝农商理财,52,原名保留,
发行台账0924/总表,穿透机构,渝农商自营,渝农商（自营）,1,投资者格式/后缀规则,scripts/abs_common.py:normalize_investor_name
发行台账0924/总表,穿透机构,申万宏源,申万宏源,5,原名保留,
发行台账0924/总表,穿透机构,申万宏源-北京,申万宏源-北京,1,原名保留,
发行台账0924/总表,穿透机构,申万宏源自营,申万宏源（自营）,1,投资者格式/后缀规则,scripts/abs_common.py:normalize_investor_name
发行台账0924/总表,穿透机构,申万宏源证券有限公司,申万宏源证券,1,投资者格式/后缀规则,scripts/abs_common.py:normalize_investor_name
发行台账0924/总表,穿透机构,申万宏源证券资管,申万宏源资管,1,投资者旧版显式别名,scripts/abs_common.py:normalize_investor_name
发行台账0924/总表,穿透机构,申万宏源证券（投顾）,申万宏源（投顾）,1,投资者旧版显式别名,scripts/abs_common.py:normalize_investor_name
发行台账0924/总表,穿透机构,申万宏源证券（自营）,申万宏源（自营）,1,投资者旧版显式别名,scripts/abs_common.py:normalize_investor_name
发行台账0924/总表,穿透机构,申万宏源资管,申万宏源资管,5,原名保留,
发行台账0924/总表,穿透机构,申万投顾,申万（投顾）,9,投资者格式/后缀规则,scripts/abs_common.py:normalize_investor_name
发行台账0924/总表,穿透机构,百瑞信托,百瑞信托,1,原名保留,
发行台账0924/总表,穿透机构,盛际小货,盛际小货,3,原名保留,
发行台账0924/总表,穿透机构,盛际小贷,盛际小贷,11,原名保留,
发行台账0924/总表,穿透机构,石嘴山银行,石嘴山银行,7,原名保留,
发行台账0924/总表,穿透机构,穿透机构,穿透机构,1,原名保留,
发行台账0924/总表,穿透机构,紫金信托,紫金信托,1,原名保留,
发行台账0924/总表,穿透机构,苏银理财,苏银理财,1,原名保留,
发行台账0924/总表,穿透机构,西部证券,西部（自营）,7,跨面板精确别名,data/institution_alias_registry.json
发行台账0924/总表,穿透机构,西部证券自营,西部证券（自营）,2,投资者格式/后缀规则,scripts/abs_common.py:normalize_investor_name
发行台账0924/总表,穿透机构,西部证券（自营）,西部证券（自营）,2,原名保留,
发行台账0924/总表,穿透机构,财通资管,财通资管,30,原名保留,
发行台账0924/总表,穿透机构,邦汇保理,邦汇保理,3,原名保留,
发行台账0924/总表,穿透机构,重庆京东盛际小贷公司,重庆京东盛际小贷公司,2,原名保留,
发行台账0924/总表,穿透机构,重庆农商行,重庆农商行,2,原名保留,
发行台账0924/总表,穿透机构,重庆农商行（金市）,重庆农商行（金市）,2,原名保留,
发行台账0924/总表,穿透机构,重庆农商银行,重庆农商银行,2,原名保留,
发行台账0924/总表,穿透机构,重庆农金市,重庆农金市,1,原名保留,
发行台账0924/总表,穿透机构,银河证券,银河证券,2,原名保留,
发行台账0924/总表,穿透机构,银河证券固收,银河证券固收,1,原名保留,
发行台账0924/总表,穿透机构,长城证券,长城证券,2,原名保留,
发行台账0924/总表,穿透机构,长沙资管,长沙资管,1,原名保留,
发行台账0924/总表,穿透机构,青岛银行,青岛银行,5,原名保留,
发行台账0924/总表,穿透机构,青岸投资,青岸资本,1,跨面板精确别名,data/institution_alias_registry.json
发行台账0924/总表,穿透机构,青银理财,青银理财,1,原名保留,
发行台账0924/总表,穿透机构,首创自营,首创（自营）,4,投资者格式/后缀规则,scripts/abs_common.py:normalize_investor_name
发行台账0924/总表,穿透机构,首创证券,首创证券,7,原名保留,
发行台账0924/总表,穿透机构,齐鲁银行,齐鲁银行,1,原名保留,
发行台账0924/总表,联席承销商,东方证券,东方证券,170,原名保留,
发行台账0924/总表,联席承销商,中信建投,中信建投,377,原名保留,
发行台账0924/总表,联席承销商,中信证券,中信证券,466,原名保留,
发行台账0924/总表,联席承销商,中泰证券,中泰（自营）,63,机构统计显式/跨面板别名,data/institution_alias_registry.json
发行台账0924/总表,联席承销商,信达证券,信达（自营）,209,机构统计显式/跨面板别名,data/institution_alias_registry.json
发行台账0924/总表,联席承销商,光大证券,光大证券,452,原名保留,
发行台账0924/总表,联席承销商,兴业证券,兴业证券,459,原名保留,
发行台账0924/总表,联席承销商,华福证券,华福证券,271,原名保留,
发行台账0924/总表,联席承销商,南京银行,南京银行,243,原名保留,
发行台账0924/总表,联席承销商,厦门国际银行,厦门国际银行,81,原名保留,
发行台账0924/总表,联席承销商,国信证券,国信证券,407,原名保留,
发行台账0924/总表,联席承销商,国寿投资,国寿投资,8,原名保留,
发行台账0924/总表,联席承销商,国开证券,国开证券,206,原名保留,
发行台账0924/总表,联席承销商,国泰海通,国泰海通,539,原名保留,
发行台账0924/总表,联席承销商,国联证券,国联证券,97,原名保留,
发行台账0924/总表,联席承销商,国金证券,国金证券,62,原名保留,
发行台账0924/总表,联席承销商,天津银行,天津银行,6,原名保留,
发行台账0924/总表,联席承销商,宁波银行,宁波银行,11,原名保留,
发行台账0924/总表,联席承销商,平安证券,平安证券,103,原名保留,
发行台账0924/总表,联席承销商,建投,建投,36,原名保留,
发行台账0924/总表,联席承销商,建设银行,建设银行,151,原名保留,
发行台账0924/总表,联席承销商,招商证券,招商证券,192,原名保留,
发行台账0924/总表,联席承销商,杭州银行,杭州银行,286,原名保留,
发行台账0924/总表,联席承销商,民生通惠,民生通惠,9,原名保留,
发行台账0924/总表,联席承销商,江苏银行,江苏银行,230,原名保留,
发行台账0924/总表,联席承销商,申万宏源资管,申万宏源资管,78,原名保留,
发行台账0924/总表,联席承销商,财通资管,财通资管,12,原名保留,
发行台账0924/总表,联席承销商,长城证券,长城证券,48,原名保留,
发行台账0924/总表,联席承销商,首创证券,首创证券,45,原名保留,
发行台账0924/总表,计划管理人,中信建投,中信建投,265,原名保留,
发行台账0924/总表,计划管理人,中信证券,中信证券,448,原名保留,
发行台账0924/总表,计划管理人,中粮信托,中粮信托,8,原名保留,
发行台账0924/总表,计划管理人,云南信托,云南信托,2,原名保留,
发行台账0924/总表,计划管理人,光大证券,光大证券,26,原名保留,
发行台账0924/总表,计划管理人,兴业证券,兴业证券,195,原名保留,
发行台账0924/总表,计划管理人,华泰资管,华泰资管,346,原名保留,
发行台账0924/总表,计划管理人,华鑫信托,华鑫信托,6,原名保留,
发行台账0924/总表,计划管理人,厦门信托,厦门信托,2,原名保留,
发行台账0924/总表,计划管理人,国信证券,国信证券,27,原名保留,
发行台账0924/总表,计划管理人,国投证券,国投证券,83,原名保留,
发行台账0924/总表,计划管理人,国民信托,国民信托,4,原名保留,
发行台账0924/总表,计划管理人,国泰海通,国泰海通,414,原名保留,
发行台账0924/总表,计划管理人,国证资管,国证资管,12,原名保留,
发行台账0924/总表,计划管理人,外贸信托,外贸信托,7,原名保留,
发行台账0924/总表,计划管理人,天津信托,天津信托,1,原名保留,
发行台账0924/总表,计划管理人,天风证券,天风证券,34,原名保留,
发行台账0924/总表,计划管理人,天风资管,天风资管,21,原名保留,
发行台账0924/总表,计划管理人,招商证券,招商证券,384,原名保留,
发行台账0924/总表,计划管理人,民生通惠,民生通惠,6,原名保留,
发行台账0924/总表,计划管理人,泰康资产,泰康资产,29,原名保留,
发行台账0924/总表,计划管理人,申万宏源资管,申万宏源资管,105,原名保留,
发行台账0924/总表,计划管理人,西藏信托,西藏信托,14,原名保留,
发行台账0924/总表,计划管理人,财通资管,财通资管,426,原名保留,
发行台账0924/总表,计划管理人,首创证券,首创证券,98,原名保留,
发行台账0924/总表,认购机构,上汽财务,上汽财务,6,原名保留,
发行台账0924/总表,认购机构,上银基金,上银基金,1,原名保留,
发行台账0924/总表,认购机构,上银理财,上银理财,5,原名保留,
发行台账0924/总表,认购机构,东家铂睿,东家铂睿,27,原名保留,
发行台账0924/总表,认购机构,东方证券投行,东方证券（投行）,1,投资者格式/后缀规则,scripts/abs_common.py:normalize_investor_name
发行台账0924/总表,认购机构,东方财富自营,东方财富（自营）,1,投资者格式/后缀规则,scripts/abs_common.py:normalize_investor_name
发行台账0924/总表,认购机构,东方财富证券,东方财富证券,1,原名保留,
发行台账0924/总表,认购机构,东方财富证券自营,东方财富证券（自营）,2,投资者格式/后缀规则,scripts/abs_common.py:normalize_investor_name
发行台账0924/总表,认购机构,东莞农村商业银行,东莞农村商业银行,1,原名保留,
发行台账0924/总表,认购机构,中信建投固收投顾,中信建投固收（投顾）,1,投资者格式/后缀规则,scripts/abs_common.py:normalize_investor_name
发行台账0924/总表,认购机构,中信建投投行,中信建投（投行）,10,投资者格式/后缀规则,scripts/abs_common.py:normalize_investor_name
发行台账0924/总表,认购机构,中信建投投顾,中信建投（投顾）,30,投资者格式/后缀规则,scripts/abs_common.py:normalize_investor_name
发行台账0924/总表,认购机构,中信建投机构部,中信建投机构部,23,原名保留,
发行台账0924/总表,认购机构,中信建投衍生品,中信建投衍生品,29,原名保留,
发行台账0924/总表,认购机构,中信投顾,中信（投顾）,4,投资者格式/后缀规则,scripts/abs_common.py:normalize_investor_name
发行台账0924/总表,认购机构,中信自营,中信证券,1,跨面板精确别名,data/institution_alias_registry.json
发行台账0924/总表,认购机构,中信证券,中信证券,3,原名保留,
发行台账0924/总表,认购机构,中信证券投行,中信证券（投行）,13,投资者格式/后缀规则,scripts/abs_common.py:normalize_investor_name
发行台账0924/总表,认购机构,中信证券投顾,中信证券（投顾）,28,投资者格式/后缀规则,scripts/abs_common.py:normalize_investor_name
发行台账0924/总表,认购机构,中信证券自营,中信证券（自营）,38,投资者格式/后缀规则,scripts/abs_common.py:normalize_investor_name
发行台账0924/总表,认购机构,中信证券财富,中信证券财富,2,原名保留,
发行台账0924/总表,认购机构,中信证券资管,中信证券资管,3,原名保留,
发行台账0924/总表,认购机构,中信财富,中信财富,4,原名保留,
发行台账0924/总表,认购机构,中建投信托,中建投信托,1,原名保留,
发行台账0924/总表,认购机构,中泰自营,中泰（自营）,1,跨面板精确别名,data/institution_alias_registry.json
发行台账0924/总表,认购机构,中泰证券自营,中泰（自营）,17,跨面板精确别名,data/institution_alias_registry.json
发行台账0924/总表,认购机构,中证云,中证云,1,原名保留,
发行台账0924/总表,认购机构,中邮理财,中邮理财,67,原名保留,
发行台账0924/总表,认购机构,中金投顾,中金公司（投顾）,32,投资者旧版显式别名,scripts/abs_common.py:normalize_investor_name
发行台账0924/总表,认购机构,中金自营,中金公司（自营）,64,跨面板精确别名,data/institution_alias_registry.json
发行台账0924/总表,认购机构,中金财富,中金财富,26,原名保留,
发行台账0924/总表,认购机构,中金财富自营,中金财富（自营）,1,投资者格式/后缀规则,scripts/abs_common.py:normalize_investor_name
发行台账0924/总表,认购机构,中金资管,中金公司（资管）,6,投资者旧版显式别名,scripts/abs_common.py:normalize_investor_name
发行台账0924/总表,认购机构,中金资管投顾,中金资管（投顾）,1,投资者格式/后缀规则,scripts/abs_common.py:normalize_investor_name
发行台账0924/总表,认购机构,中银理财,中银理财,32,原名保留,
发行台账0924/总表,认购机构,交银理财,交银理财,118,原名保留,
发行台账0924/总表,认购机构,京东世贸,京东世贸,20,原名保留,
发行台账0924/总表,认购机构,京东租赁,京东租赁,8,原名保留,
发行台账0924/总表,认购机构,京东自持,京东自持,1,原名保留,
发行台账0924/总表,认购机构,信达自营,信达（自营）,1,跨面板精确别名,data/institution_alias_registry.json
发行台账0924/总表,认购机构,信达证券投行,信达证券（投行）,1,投资者格式/后缀规则,scripts/abs_common.py:normalize_investor_name
发行台账0924/总表,认购机构,信达证券自营,信达证券（自营）,10,投资者格式/后缀规则,scripts/abs_common.py:normalize_investor_name
发行台账0924/总表,认购机构,信银理财,信银理财,22,原名保留,
发行台账0924/总表,认购机构,光大理财,光大理财,13,原名保留,
发行台账0924/总表,认购机构,光大证券投行,光大证券（投行）,4,投资者格式/后缀规则,scripts/abs_common.py:normalize_investor_name
发行台账0924/总表,认购机构,兴业证券投行,兴业证券（投行）,4,投资者格式/后缀规则,scripts/abs_common.py:normalize_investor_name
发行台账0924/总表,认购机构,兴银理财,兴银理财,26,原名保留,
发行台账0924/总表,认购机构,利曦基金,利曦基金,53,原名保留,
发行台账0924/总表,认购机构,前海开源基金,前海开源基金,1,原名保留,
发行台账0924/总表,认购机构,北银理财,北银理财,1,原名保留,
发行台账0924/总表,认购机构,华兴证券自营,华兴证券（自营）,17,投资者格式/后缀规则,scripts/abs_common.py:normalize_investor_name
发行台账0924/总表,认购机构,华兴银行,华兴银行,3,原名保留,
发行台账0924/总表,认购机构,华夏基金,华夏基金,19,原名保留,
发行台账0924/总表,认购机构,华夏理财,华夏理财,13,原名保留,
发行台账0924/总表,认购机构,华宝证券资管,华宝证券资管,14,原名保留,
发行台账0924/总表,认购机构,华宝资管,华宝证券资管,2,投资者旧版显式别名,scripts/abs_common.py:normalize_investor_name
发行台账0924/总表,认购机构,华泰代销,华泰代销,1,原名保留,
发行台账0924/总表,认购机构,华泰保兴基金,华泰保兴基金,2,原名保留,
发行台账0924/总表,认购机构,华泰证券自营,华泰证券（自营）,12,投资者格式/后缀规则,scripts/abs_common.py:normalize_investor_name
发行台账0924/总表,认购机构,华泰资管,华泰资管,3,原名保留,
发行台账0924/总表,认购机构,华泰资管自营,华泰资管（自营）,1,投资者格式/后缀规则,scripts/abs_common.py:normalize_investor_name
发行台账0924/总表,认购机构,华福证券投行,华福证券（投行）,2,投资者格式/后缀规则,scripts/abs_common.py:normalize_investor_name
发行台账0924/总表,认购机构,南京银行,南京银行,9,原名保留,
发行台账0924/总表,认购机构,南海农商资管,南海农商资管,1,原名保留,
发行台账0924/总表,认购机构,南银理财,南银理财,17,原名保留,
发行台账0924/总表,认购机构,厦门国际银行,厦门国际银行,3,原名保留,
发行台账0924/总表,认购机构,厦门汇正,厦门汇正,19,原名保留,
发行台账0924/总表,认购机构,员工理财,员工理财,7,原名保留,
发行台账0924/总表,认购机构,国信证券投行,国信证券（投行）,6,投资者格式/后缀规则,scripts/abs_common.py:normalize_investor_name
发行台账0924/总表,认购机构,国信证券自营,国信证券（自营）,34,投资者格式/后缀规则,scripts/abs_common.py:normalize_investor_name
发行台账0924/总表,认购机构,国元证券自营,国元证券（自营）,4,投资者格式/后缀规则,scripts/abs_common.py:normalize_investor_name
发行台账0924/总表,认购机构,国寿安保基金,国寿安保基金,1,原名保留,
发行台账0924/总表,认购机构,国寿投资,国寿投资,1,原名保留,
发行台账0924/总表,认购机构,国开证券自营,国开证券（自营）,1,投资者格式/后缀规则,scripts/abs_common.py:normalize_investor_name
发行台账0924/总表,认购机构,国投资管投行,国投资管（投行）,1,投资者格式/后缀规则,scripts/abs_common.py:normalize_investor_name
发行台账0924/总表,认购机构,国新证券资管,国新证券资管,1,原名保留,
发行台账0924/总表,认购机构,国泰海通客需,国泰海通,1,跨面板精确别名,data/institution_alias_registry.json
发行台账0924/总表,认购机构,国泰海通投行,国泰海通（投行）,12,投资者格式/后缀规则,scripts/abs_common.py:normalize_investor_name
发行台账0924/总表,认购机构,国泰海通投顾,国泰海通（投顾）,3,投资者格式/后缀规则,scripts/abs_common.py:normalize_investor_name
发行台账0924/总表,认购机构,国泰海通自营,国泰海通（自营）,30,投资者格式/后缀规则,scripts/abs_common.py:normalize_investor_name
发行台账0924/总表,认购机构,国联民生投行,国联民生（投行）,3,投资者格式/后缀规则,scripts/abs_common.py:normalize_investor_name
发行台账0924/总表,认购机构,国联证券,国联证券,1,原名保留,
发行台账0924/总表,认购机构,国联证券投行,国联证券（投行）,3,投资者格式/后缀规则,scripts/abs_common.py:normalize_investor_name
发行台账0924/总表,认购机构,国联证券自营,国联证券（自营）,2,投资者格式/后缀规则,scripts/abs_common.py:normalize_investor_name
发行台账0924/总表,认购机构,国联资管,国联证券,1,跨面板精确别名,data/institution_alias_registry.json
发行台账0924/总表,认购机构,国金证券自营,国金证券（自营）,1,投资者格式/后缀规则,scripts/abs_common.py:normalize_investor_name
发行台账0924/总表,认购机构,国金证券资管,国金证券资管,1,原名保留,
发行台账0924/总表,认购机构,天津银行,天津银行,1,原名保留,
发行台账0924/总表,认购机构,太平基金,太平基金,1,原名保留,
发行台账0924/总表,认购机构,宁夏银行,宁夏银行,5,原名保留,
发行台账0924/总表,认购机构,宝武财务,宝武财务,5,原名保留,
发行台账0924/总表,认购机构,宝物财务,宝物财务,1,原名保留,
发行台账0924/总表,认购机构,宿迁钧腾,宿迁钧腾,4,原名保留,
发行台账0924/总表,认购机构,富民银行,富民银行,1,原名保留,
发行台账0924/总表,认购机构,工银理财,工银理财,39,原名保留,
发行台账0924/总表,认购机构,工银瑞信基金,工银瑞信基金,2,原名保留,
发行台账0924/总表,认购机构,平安养老,平安养老,8,原名保留,
发行台账0924/总表,认购机构,平安理财,平安理财,63,原名保留,
发行台账0924/总表,认购机构,平安证券投行,平安证券（投行）,2,投资者格式/后缀规则,scripts/abs_common.py:normalize_investor_name
发行台账0924/总表,认购机构,平安资产,平安资产,7,原名保留,
发行台账0924/总表,认购机构,平安资管,平安资管,1,原名保留,
发行台账0924/总表,认购机构,广发证券,广发证券,2,原名保留,
发行台账0924/总表,认购机构,广发证券自营,广发证券（自营）,7,投资者格式/后缀规则,scripts/abs_common.py:normalize_investor_name
发行台账0924/总表,认购机构,广发证券资管,广发资管,5,跨面板精确别名,data/institution_alias_registry.json
发行台账0924/总表,认购机构,广发资管,广发资管,2,原名保留,
发行台账0924/总表,认购机构,广州银行,广州银行,2,原名保留,
发行台账0924/总表,认购机构,广银理财,广银理财,11,原名保留,
发行台账0924/总表,认购机构,建信信托,建信信托,80,原名保留,
发行台账0924/总表,认购机构,建信基金,建信基金,2,原名保留,
发行台账0924/总表,认购机构,建信理财,建信理财,22,原名保留,
发行台账0924/总表,认购机构,建投投顾,建投（投顾）,1,投资者格式/后缀规则,scripts/abs_common.py:normalize_investor_name
发行台账0924/总表,认购机构,建投机构部,中信建投（机构部）,2,投资者旧版显式别名,scripts/abs_common.py:normalize_investor_name
发行台账0924/总表,认购机构,建投衍生品,建投衍生品,2,原名保留,
发行台账0924/总表,认购机构,建设银行,建设银行,5,原名保留,
发行台账0924/总表,认购机构,徵商银行,徵商银行,1,原名保留,
发行台账0924/总表,认购机构,德邦自营,德邦（自营）,1,投资者格式/后缀规则,scripts/abs_common.py:normalize_investor_name
发行台账0924/总表,认购机构,德邦证券自营,德邦证券（自营）,27,投资者格式/后缀规则,scripts/abs_common.py:normalize_investor_name
发行台账0924/总表,认购机构,思达星汇,思达星汇,4,原名保留,
发行台账0924/总表,认购机构,恒丰银行,恒丰银行,1,原名保留,
发行台账0924/总表,认购机构,招商证券投行,招商证券（投行）,7,投资者格式/后缀规则,scripts/abs_common.py:normalize_investor_name
发行台账0924/总表,认购机构,招银理财,招银理财,112,原名保留,
发行台账0924/总表,认购机构,摩根大通,摩根大通,3,原名保留,
发行台账0924/总表,认购机构,易方达,易方达基金,1,投资者旧版显式别名,scripts/abs_common.py:normalize_investor_name
发行台账0924/总表,认购机构,易方达基金,易方达基金,26,原名保留,
发行台账0924/总表,认购机构,朗姿韩亚,朗姿韩亚,21,原名保留,
发行台账0924/总表,认购机构,朗姿韩雅,朗姿韩雅,1,原名保留,
发行台账0924/总表,认购机构,朗资韩亚,朗姿韩亚,4,跨面板精确别名,data/institution_alias_registry.json
发行台账0924/总表,认购机构,杭州联合,杭州联合银行,1,跨面板精确别名,data/institution_alias_registry.json
发行台账0924/总表,认购机构,杭州联合银行,杭州联合银行,39,原名保留,
发行台账0924/总表,认购机构,杭州银行,杭州银行,10,原名保留,
发行台账0924/总表,认购机构,杭银理财,杭银理财,10,原名保留,
发行台账0924/总表,认购机构,民生理财,民生理财,46,原名保留,
发行台账0924/总表,认购机构,汇丰银行,汇丰银行,2,原名保留,
发行台账0924/总表,认购机构,汇华理财,汇华理财,2,原名保留,
发行台账0924/总表,认购机构,江苏银行,江苏银行,11,原名保留,
发行台账0924/总表,认购机构,沛轩投资,沛轩投资,7,原名保留,
发行台账0924/总表,认购机构,沪农商,沪农商,1,原名保留,
发行台账0924/总表,认购机构,浙商证券自营,浙商证券（自营）,2,投资者格式/后缀规则,scripts/abs_common.py:normalize_investor_name
发行台账0924/总表,认购机构,浦银理财,浦银理财,10,原名保留,
发行台账0924/总表,认购机构,渝农商理财,渝农商理财,23,原名保留,
发行台账0924/总表,认购机构,渝农商资源,渝农商资源,1,原名保留,
发行台账0924/总表,认购机构,渤银理财,渤银理财,1,原名保留,
发行台账0924/总表,认购机构,申万宏源投行,申万宏源（投行）,1,投资者格式/后缀规则,scripts/abs_common.py:normalize_investor_name
发行台账0924/总表,认购机构,申万宏源投顾,申万宏源（投顾）,7,投资者格式/后缀规则,scripts/abs_common.py:normalize_investor_name
发行台账0924/总表,认购机构,申万宏源自营,申万宏源（自营）,27,投资者格式/后缀规则,scripts/abs_common.py:normalize_investor_name
发行台账0924/总表,认购机构,申万宏源资管,申万宏源资管,6,原名保留,
发行台账0924/总表,认购机构,申万投顾,申万（投顾）,2,投资者格式/后缀规则,scripts/abs_common.py:normalize_investor_name
发行台账0924/总表,认购机构,申万资管,申万宏源资管,1,跨面板精确别名,data/institution_alias_registry.json
发行台账0924/总表,认购机构,盛际小货,盛际小货,5,原名保留,
发行台账0924/总表,认购机构,盛际小贷,盛际小贷,39,原名保留,
发行台账0924/总表,认购机构,石嘴山银行,石嘴山银行,7,原名保留,
发行台账0924/总表,认购机构,粤海资本,粤海资本,1,原名保留,
发行台账0924/总表,认购机构,粤财信托,粤财信托,4,原名保留,
发行台账0924/总表,认购机构,紫金信托,紫金信托,2,原名保留,
发行台账0924/总表,认购机构,花旗银行,花旗银行,4,原名保留,
发行台账0924/总表,认购机构,苏银理财,苏银理财,8,原名保留,
发行台账0924/总表,认购机构,西部证券,西部（自营）,1,跨面板精确别名,data/institution_alias_registry.json
发行台账0924/总表,认购机构,西部证券自营,西部证券（自营）,21,投资者格式/后缀规则,scripts/abs_common.py:normalize_investor_name
发行台账0924/总表,认购机构,财达资管,财达资管,1,原名保留,
发行台账0924/总表,认购机构,财通投行,财通（投行）,1,投资者格式/后缀规则,scripts/abs_common.py:normalize_investor_name
发行台账0924/总表,认购机构,财通资管,财通资管,6,原名保留,
发行台账0924/总表,认购机构,远东宏信,远东宏信,3,原名保留,
发行台账0924/总表,认购机构,远行基金,远行基金,5,原名保留,
发行台账0924/总表,认购机构,邦汇保理,邦汇保理,21,原名保留,
发行台账0924/总表,认购机构,邮储银行,邮储银行,1,原名保留,
发行台账0924/总表,认购机构,重庆农商理财,重庆农商理财,2,原名保留,
发行台账0924/总表,认购机构,重庆农商行,重庆农商行,5,原名保留,
发行台账0924/总表,认购机构,重庆农商行金市,重庆农商行金市,2,原名保留,
发行台账0924/总表,认购机构,重庆农商银行,重庆农商银行,2,原名保留,
发行台账0924/总表,认购机构,重庆富民银行,重庆富民银行,3,原名保留,
发行台账0924/总表,认购机构,银河固收,银河固收,1,原名保留,
发行台账0924/总表,认购机构,青岛银行,青岛银行,6,原名保留,
发行台账0924/总表,认购机构,青岸投资,青岸资本,2,跨面板精确别名,data/institution_alias_registry.json
发行台账0924/总表,认购机构,青岸资本,青岸资本,4,原名保留,
发行台账0924/总表,认购机构,青银理财,青银理财,1,原名保留,
发行台账0924/总表,认购机构,顺德农商行,顺德农商行,1,原名保留,
发行台账0924/总表,认购机构,首创证券投行,首创证券（投行）,2,投资者格式/后缀规则,scripts/abs_common.py:normalize_investor_name
发行台账0924/总表,认购机构,首创证券自营,首创证券（自营）,1,投资者格式/后缀规则,scripts/abs_common.py:normalize_investor_name
发行台账0924/总表,认购机构,齐鲁银行,齐鲁银行,1,原名保留,
机构进展画像快照,进展名称,万联证券,万联证券,1,原名保留,
机构进展画像快照,进展名称,三井住友银行,三井住友银行,1,原名保留,
机构进展画像快照,进展名称,三湘银行,三湘银行,1,原名保留,
机构进展画像快照,进展名称,三菱银行,三菱银行,1,原名保留,
机构进展画像快照,进展名称,上海信托,上海信托,1,原名保留,
机构进展画像快照,进展名称,上海农商行自营/资管,上海农商行自营/资管,1,原名保留,
机构进展画像快照,进展名称,上海银行/上银理财,上海银行/上银理财,1,原名保留,
机构进展画像快照,进展名称,上银基金,上银基金,1,原名保留,
机构进展画像快照,进展名称,专项：财富协同,专项：财富协同,1,原名保留,
机构进展画像快照,进展名称,东兴证券,东兴证券,1,原名保留,
机构进展画像快照,进展名称,东吴证券,东吴证券,1,原名保留,
机构进展画像快照,进展名称,东方汇理银行,东方汇理银行,1,原名保留,
机构进展画像快照,进展名称,东方证券,东方证券,1,原名保留,
机构进展画像快照,进展名称,东方财富证券（新增）,东方财富证券（新增）,1,原名保留,
机构进展画像快照,进展名称,东莞农资管,东莞农资管,1,原名保留,
机构进展画像快照,进展名称,东莞银行,东莞银行,1,原名保留,
机构进展画像快照,进展名称,东证融汇,东证融汇,1,原名保留,
机构进展画像快照,进展名称,中信保诚基金,中信保诚基金,1,原名保留,
机构进展画像快照,进展名称,中信信托,中信信托,1,原名保留,
机构进展画像快照,进展名称,中信建投,中信建投,1,原名保留,
机构进展画像快照,进展名称,中信证券,中信证券,1,原名保留,
机构进展画像快照,进展名称,中信证券：自营、资管、投顾、财富,中信证券：自营、资管、投顾、财富,1,原名保留,
机构进展画像快照,进展名称,中信银行,中信银行,1,原名保留,
机构进展画像快照,进展名称,中信银行/信银理财,中信银行/信银理财,1,原名保留,
机构进展画像快照,进展名称,中关村银行,中关村银行,1,原名保留,
机构进展画像快照,进展名称,中兵投资,中兵投资,1,原名保留,
机构进展画像快照,进展名称,中再资产,中再资产,1,原名保留,
机构进展画像快照,进展名称,中原信托,中原信托,1,原名保留,
机构进展画像快照,进展名称,中原银行,中原银行,1,原名保留,
机构进展画像快照,进展名称,中国银行,中国银行,1,原名保留,
机构进展画像快照,进展名称,中国银行/中银理财,中国银行/中银理财,1,原名保留,
机构进展画像快照,进展名称,中山农商行,中山农商行,1,原名保留,
机构进展画像快照,进展名称,中投保,中投保,1,原名保留,
机构进展画像快照,进展名称,中汇人寿,中汇人寿,1,原名保留,
机构进展画像快照,进展名称,中泰证券:自营/资管,中泰证券:自营/资管,1,原名保留,
机构进展画像快照,进展名称,中粮信托,中粮信托,1,原名保留,
机构进展画像快照,进展名称,中粮期货,中粮期货,1,原名保留,
机构进展画像快照,进展名称,中航信托,中航信托,1,原名保留,
机构进展画像快照,进展名称,中证信用/中证云,中证信用/中证云,1,原名保留,
机构进展画像快照,进展名称,中邮保险资管（新增））,中邮保险资管（新增））,1,原名保留,
机构进展画像快照,进展名称,中邮证券,中邮证券,1,原名保留,
机构进展画像快照,进展名称,中金:自营/投顾/资管/中金财富,中金:自营/投顾/资管/中金财富,1,原名保留,
机构进展画像快照,进展名称,中银三星人寿,中银三星人寿,1,原名保留,
机构进展画像快照,进展名称,中银基金,中银基金,1,原名保留,
机构进展画像快照,进展名称,交行/交银理财,交行/交银理财,1,原名保留,
机构进展画像快照,进展名称,交银信托,交银信托,1,原名保留,
机构进展画像快照,进展名称,京东安联保险,京东安联保险,1,原名保留,
机构进展画像快照,进展名称,人保资产,人保资产,1,原名保留,
机构进展画像快照,进展名称,信达澳亚基金,信达澳亚基金,1,原名保留,
机构进展画像快照,进展名称,信达证券,信达（自营）,1,跨面板精确别名,data/institution_alias_registry.json
机构进展画像快照,进展名称,信达证券：自营,信达证券：自营,1,原名保留,
机构进展画像快照,进展名称,光大永明,光大永明,1,原名保留,
机构进展画像快照,进展名称,光大证券:自营/资管,光大证券:自营/资管,1,原名保留,
机构进展画像快照,进展名称,光大银行/光大理财,光大银行/光大理财,1,原名保留,
机构进展画像快照,进展名称,兴业证券,兴业证券,1,原名保留,
机构进展画像快照,进展名称,兴业银行/兴银理财,兴业银行/兴银理财,1,原名保留,
机构进展画像快照,进展名称,农业银行/农银理财,农业银行/农银理财,1,原名保留,
机构进展画像快照,进展名称,利曦基金,利曦基金,1,原名保留,
机构进展画像快照,进展名称,北京CBC集团,北京CBC集团,1,原名保留,
机构进展画像快照,进展名称,北京证券（新增）,北京证券（新增）,1,原名保留,
机构进展画像快照,进展名称,北京银行/北银理财,北京银行/北银理财,1,原名保留,
机构进展画像快照,进展名称,北农商,北农商,1,原名保留,
机构进展画像快照,进展名称,华兴证券:自营,华兴证券:自营,1,原名保留,
机构进展画像快照,进展名称,华夏久盈（瑞众人寿）,华夏久盈（瑞众人寿）,1,原名保留,
机构进展画像快照,进展名称,华夏基金,华夏基金,1,原名保留,
机构进展画像快照,进展名称,华夏银行/华夏理财,华夏银行/华夏理财,1,原名保留,
机构进展画像快照,进展名称,华宝证券:自营/资管,华宝证券:自营/资管,1,原名保留,
机构进展画像快照,进展名称,华泰资产,华泰资产,1,原名保留,
机构进展画像快照,进展名称,华泰资管,华泰资管,1,原名保留,
机构进展画像快照,进展名称,华润信托,华润信托,1,原名保留,
机构进展画像快照,进展名称,华睿信/北京资产,华睿信/北京资产,1,原名保留,
机构进展画像快照,进展名称,华福证券,华福证券,1,原名保留,
机构进展画像快照,进展名称,华能贵诚信托,华能贵诚信托,1,原名保留,
机构进展画像快照,进展名称,华融信托,华融信托,1,原名保留,
机构进展画像快照,进展名称,华鑫信托,华鑫信托,1,原名保留,
机构进展画像快照,进展名称,南京银行,南京银行,1,原名保留,
机构进展画像快照,进展名称,南京银行/南银理财,南京银行/南银理财,1,原名保留,
机构进展画像快照,进展名称,南方基金,南方基金,1,原名保留,
机构进展画像快照,进展名称,南海农商,南海农商,1,原名保留,
机构进展画像快照,进展名称,南航资本,南航资本,1,原名保留,
机构进展画像快照,进展名称,博时基金,博时基金,1,原名保留,
机构进展画像快照,进展名称,厦门信托,厦门信托,1,原名保留,
机构进展画像快照,进展名称,厦门国际银行,厦门国际银行,1,原名保留,
机构进展画像快照,进展名称,吉林信托（新增）,吉林信托（新增）,1,原名保留,
机构进展画像快照,进展名称,嘉实基金,嘉实基金,1,原名保留,
机构进展画像快照,进展名称,国信证券自营,国信证券自营,1,原名保留,
机构进展画像快照,进展名称,国元证券:自营,国元证券:自营,1,原名保留,
机构进展画像快照,进展名称,国寿安保基金,国寿安保基金,1,原名保留,
机构进展画像快照,进展名称,国寿投,国寿投,1,原名保留,
机构进展画像快照,进展名称,国寿资产（新增）,国寿资产（新增）,1,原名保留,
机构进展画像快照,进展名称,国寿金石/华兴资产,国寿金石/华兴资产,1,原名保留,
机构进展画像快照,进展名称,国开证券,国开证券,1,原名保留,
机构进展画像快照,进展名称,国投泰康信托,国投泰康信托,1,原名保留,
机构进展画像快照,进展名称,国投证券:自营/资管,国投证券:自营/资管,1,原名保留,
机构进展画像快照,进展名称,国投资管,国投资管,1,原名保留,
机构进展画像快照,进展名称,国新证券,国新证券,1,原名保留,
机构进展画像快照,进展名称,国民信托,国民信托,1,原名保留,
机构进展画像快照,进展名称,国泰海通证券,国泰海通证券,1,原名保留,
机构进展画像快照,进展名称,国泰海通：自营、资管,国泰海通：自营、资管,1,原名保留,
机构进展画像快照,进展名称,国联民生证券：资管,国联民生证券：资管,1,原名保留,
机构进展画像快照,进展名称,国通信托,国通信托,1,原名保留,
机构进展画像快照,进展名称,国金证券,国金证券,1,原名保留,
机构进展画像快照,进展名称,外贸信托,外贸信托,1,原名保留,
机构进展画像快照,进展名称,大家资产,大家资产,1,原名保留,
机构进展画像快照,进展名称,大连银行,大连银行,1,原名保留,
机构进展画像快照,进展名称,天津银行,天津银行,1,原名保留,
机构进展画像快照,进展名称,天风自营,天风自营,1,原名保留,
机构进展画像快照,进展名称,天风资管,天风资管,1,原名保留,
机构进展画像快照,进展名称,太保资产（新增）,太保资产（新增）,1,原名保留,
机构进展画像快照,进展名称,太平基金,太平基金,1,原名保留,
机构进展画像快照,进展名称,宁夏银行,宁夏银行,1,原名保留,
机构进展画像快照,进展名称,宁波银行,宁波银行,1,原名保留,
机构进展画像快照,进展名称,宁波银行/宁银理财,宁波银行/宁银理财,1,原名保留,
机构进展画像快照,进展名称,宝武财务,宝武财务,1,原名保留,
机构进展画像快照,进展名称,富国基金,富国基金,1,原名保留,
机构进展画像快照,进展名称,富泽人寿,富泽人寿,1,原名保留,
机构进展画像快照,进展名称,富滇银行,富滇银行,1,原名保留,
机构进展画像快照,进展名称,富邦华一银行,富邦华一银行,1,原名保留,
机构进展画像快照,进展名称,山西证券,山西证券,1,原名保留,
机构进展画像快照,进展名称,山西银行,山西银行,1,原名保留,
机构进展画像快照,进展名称,工商银行/工银理财,工商银行/工银理财,1,原名保留,
机构进展画像快照,进展名称,工银安盛,工银安盛,1,原名保留,
机构进展画像快照,进展名称,工银瑞信基金,工银瑞信基金,1,原名保留,
机构进展画像快照,进展名称,平安养老,平安养老,1,原名保留,
机构进展画像快照,进展名称,平安普惠/国通资产,平安普惠/国通资产,1,原名保留,
机构进展画像快照,进展名称,平安证券,平安证券,1,原名保留,
机构进展画像快照,进展名称,平安资产,平安资产,1,原名保留,
机构进展画像快照,进展名称,平安银行/平安理财,平安银行/平安理财,1,原名保留,
机构进展画像快照,进展名称,广东华兴银行,广东华兴银行,1,原名保留,
机构进展画像快照,进展名称,广发基金,广发基金,1,原名保留,
机构进展画像快照,进展名称,广发证券:自营/资管,广发证券:自营/资管,1,原名保留,
机构进展画像快照,进展名称,广发资管,广发资管,1,原名保留,
机构进展画像快照,进展名称,广发银行/广发理财,广发银行/广发理财,1,原名保留,
机构进展画像快照,进展名称,广州农商行自营/资管,广州农商行自营/资管,1,原名保留,
机构进展画像快照,进展名称,广州银行资管,广州银行资管,1,原名保留,
机构进展画像快照,进展名称,广银理财（新增）,广银理财（新增）,1,原名保留,
机构进展画像快照,进展名称,建信信托,建信信托,1,原名保留,
机构进展画像快照,进展名称,建信基金,建信基金,1,原名保留,
机构进展画像快照,进展名称,建元信托,建元信托,1,原名保留,
机构进展画像快照,进展名称,建投:衍生品/投顾/机构部/资管,建投:衍生品/投顾/机构部/资管,1,原名保留,
机构进展画像快照,进展名称,建行&建信理财,建行&建信理财,1,原名保留,
机构进展画像快照,进展名称,建设银行,建设银行,1,原名保留,
机构进展画像快照,进展名称,开泰银行,开泰银行,1,原名保留,
机构进展画像快照,进展名称,微众银行,微众银行,1,原名保留,
机构进展画像快照,进展名称,德邦证券:自营/资管,德邦证券:自营/资管,1,原名保留,
机构进展画像快照,进展名称,徽商银行/徽银理财,徽商银行/徽银理财,1,原名保留,
机构进展画像快照,进展名称,思达星汇,思达星汇,1,原名保留,
机构进展画像快照,进展名称,恒丰银行/恒丰理财,恒丰银行/恒丰理财,1,原名保留,
机构进展画像快照,进展名称,抚顺银行,抚顺银行,1,原名保留,
机构进展画像快照,进展名称,招商信诺资产,招商信诺资产,1,原名保留,
机构进展画像快照,进展名称,招商证券,招商证券,1,原名保留,
机构进展画像快照,进展名称,招商证券：自营、资管、期货,招商证券：自营、资管、期货,1,原名保留,
机构进展画像快照,进展名称,招商银行/招银理财,招商银行/招银理财,1,原名保留,
机构进展画像快照,进展名称,持牌消金公司,持牌消金公司,1,原名保留,
机构进展画像快照,进展名称,摩根大通,摩根大通,1,原名保留,
机构进展画像快照,进展名称,新华人寿,新华人寿,1,原名保留,
机构进展画像快照,进展名称,新网银行,新网银行,1,原名保留,
机构进展画像快照,进展名称,施罗德交银理财,施罗德交银理财,1,原名保留,
机构进展画像快照,进展名称,昆仑银行,昆仑银行,1,原名保留,
机构进展画像快照,进展名称,易方达基金,易方达基金,1,原名保留,
机构进展画像快照,进展名称,星展银行,星展银行,1,原名保留,
机构进展画像快照,进展名称,朗姿韩亚,朗姿韩亚,1,原名保留,
机构进展画像快照,进展名称,杭州联合银行金市/资管,杭州联合银行金市/资管,1,原名保留,
机构进展画像快照,进展名称,杭州银行/杭银理财,杭州银行/杭银理财,1,原名保留,
机构进展画像快照,进展名称,民生通惠,民生通惠,1,原名保留,
机构进展画像快照,进展名称,民生银行/民生理财,民生银行/民生理财,1,原名保留,
机构进展画像快照,进展名称,永赢基金,永赢基金,1,原名保留,
机构进展画像快照,进展名称,汇丰银行,汇丰银行,1,原名保留,
机构进展画像快照,进展名称,汇华理财,汇华理财,1,原名保留,
机构进展画像快照,进展名称,汇添富基金,汇添富基金,1,原名保留,
机构进展画像快照,进展名称,江苏苏商银行,江苏苏商银行,1,原名保留,
机构进展画像快照,进展名称,江苏银行,江苏银行,1,原名保留,
机构进展画像快照,进展名称,江苏银行/苏银理财,江苏银行/苏银理财,1,原名保留,
机构进展画像快照,进展名称,汽融专项,汽融专项,1,原名保留,
机构进展画像快照,进展名称,沛轩投资,沛轩投资,1,原名保留,
机构进展画像快照,进展名称,泰康资产,泰康资产,1,原名保留,
机构进展画像快照,进展名称,浙商证券,浙商证券,1,原名保留,
机构进展画像快照,进展名称,浙商资管,浙商资管,1,原名保留,
机构进展画像快照,进展名称,浙商银行,浙商银行,1,原名保留,
机构进展画像快照,进展名称,浙商银行/浙银理财,浙商银行/浙银理财,1,原名保留,
机构进展画像快照,进展名称,浙金信托（浙商金汇信托）,浙金信托（浙商金汇信托）,1,原名保留,
机构进展画像快照,进展名称,浦发银行/浦银理财,浦发银行/浦银理财,1,原名保留,
机构进展画像快照,进展名称,海信财务（新增）,海信财务（新增）,1,原名保留,
机构进展画像快照,进展名称,海尔财务,海尔财务,1,原名保留,
机构进展画像快照,进展名称,深圳农商行,深圳农商行,1,原名保留,
机构进展画像快照,进展名称,深恒和,深恒和,1,原名保留,
机构进展画像快照,进展名称,渣打银行,渣打银行,1,原名保留,
机构进展画像快照,进展名称,渤海银行/渤银理财,渤海银行/渤银理财,1,原名保留,
机构进展画像快照,进展名称,湖南银行金市,湖南银行金市,1,原名保留,
机构进展画像快照,进展名称,珠海华润银行,珠海华润银行,1,原名保留,
机构进展画像快照,进展名称,瑞穗银行,瑞穗银行,1,原名保留,
机构进展画像快照,进展名称,申万宏源:自营/汇智,申万宏源:自营/汇智,1,原名保留,
机构进展画像快照,进展名称,申万宏源：自营、投顾,申万宏源：自营、投顾,1,原名保留,
机构进展画像快照,进展名称,百年资产,百年资产,1,原名保留,
机构进展画像快照,进展名称,百瑞信托,百瑞信托,1,原名保留,
机构进展画像快照,进展名称,盛京银行,盛京银行,1,原名保留,
机构进展画像快照,进展名称,盛华投资,盛华投资,1,原名保留,
机构进展画像快照,进展名称,盛华鼎鑫投资（儒忆资产）,盛华鼎鑫投资（儒忆资产）,1,原名保留,
机构进展画像快照,进展名称,石嘴山银行,石嘴山银行,1,原名保留,
机构进展画像快照,进展名称,秦农银行,秦农银行,1,原名保留,
机构进展画像快照,进展名称,粤海资本,粤海资本,1,原名保留,
机构进展画像快照,进展名称,粤财信托,粤财信托,1,原名保留,
机构进展画像快照,进展名称,紫金信托,紫金信托,1,原名保留,
机构进展画像快照,进展名称,美团,美团,1,原名保留,
机构进展画像快照,进展名称,花旗银行,花旗银行,1,原名保留,
机构进展画像快照,进展名称,英大资本,英大资本,1,原名保留,
机构进展画像快照,进展名称,莱商银行,莱商银行,1,原名保留,
机构进展画像快照,进展名称,西部信托,西部信托,1,原名保留,
机构进展画像快照,进展名称,西部证券,西部（自营）,1,跨面板精确别名,data/institution_alias_registry.json
机构进展画像快照,进展名称,西部证券：自营,西部证券：自营,1,原名保留,
机构进展画像快照,进展名称,贝莱德建信理财,贝莱德建信理财,1,原名保留,
机构进展画像快照,进展名称,财通资管,财通资管,1,原名保留,
机构进展画像快照,进展名称,越秀金控,越秀金控,1,原名保留,
机构进展画像快照,进展名称,邮储银行,邮储银行,1,原名保留,
机构进展画像快照,进展名称,邮储银行/中邮理财,邮储银行/中邮理财,1,原名保留,
机构进展画像快照,进展名称,重庆信托（新增）,重庆信托（新增）,1,原名保留,
机构进展画像快照,进展名称,重庆农/渝农商理财,重庆农/渝农商理财,1,原名保留,
机构进展画像快照,进展名称,重庆富民银行,重庆富民银行,1,原名保留,
机构进展画像快照,进展名称,野村东方证券:自营,野村东方证券:自营,1,原名保留,
机构进展画像快照,进展名称,金锝投资,金锝投资,1,原名保留,
机构进展画像快照,进展名称,鑫沅资产,鑫沅资产,1,原名保留,
机构进展画像快照,进展名称,银河证券,银河证券,2,原名保留,
机构进展画像快照,进展名称,银河证券：FICC、固收,银河证券：FICC、固收,1,原名保留,
机构进展画像快照,进展名称,长城证券,长城证券,1,原名保留,
机构进展画像快照,进展名称,长沙银行金市/资管,长沙银行金市/资管,1,原名保留,
机构进展画像快照,进展名称,陕国投信托,陕国投信托,1,原名保留,
机构进展画像快照,进展名称,青岛农商行,青岛农商行,1,原名保留,
机构进展画像快照,进展名称,青岛银行/青银理财,青岛银行/青银理财,1,原名保留,
机构进展画像快照,进展名称,青岸资本,青岸资本,2,原名保留,
机构进展画像快照,进展名称,韩亚银行,韩亚银行,1,原名保留,
机构进展画像快照,进展名称,顺德农商行,顺德农商行,1,原名保留,
机构进展画像快照,进展名称,首创证券,首创证券,1,原名保留,
机构进展画像快照,进展名称,黄河农商行,黄河农商行,1,原名保留,
机构进展画像快照,进展名称,齐鲁银行,齐鲁银行,1,原名保留,
机构进展画像快照,进展名称,龙江银行,龙江银行,1,原名保留,
次级速查快照,次级投资人,上汽财务,上汽财务,11,原名保留,
次级速查快照,次级投资人,东家铂睿,东家铂睿,29,原名保留,
次级速查快照,次级投资人,东方财富,东方财富证券,1,跨面板精确别名,data/institution_alias_registry.json
次级速查快照,次级投资人,东方财富证券,东方财富证券,4,原名保留,
次级速查快照,次级投资人,东证融汇,东证融汇,1,原名保留,
次级速查快照,次级投资人,中信投顾,中信投顾,7,原名保留,
次级速查快照,次级投资人,中信自营,中信证券,5,跨面板精确别名,data/institution_alias_registry.json
次级速查快照,次级投资人,中信证券,中信证券,24,原名保留,
次级速查快照,次级投资人,中信证券（换券）,中信证券,18,跨面板精确别名,data/institution_alias_registry.json
次级速查快照,次级投资人,中信财富,中信财富,5,原名保留,
次级速查快照,次级投资人,中建投信托,中建投信托,1,原名保留,
次级速查快照,次级投资人,中泰自营,中泰（自营）,20,跨面板精确别名,data/institution_alias_registry.json
次级速查快照,次级投资人,中泰证券,中泰（自营）,2,跨面板精确别名,data/institution_alias_registry.json
次级速查快照,次级投资人,中泰证券自营,中泰（自营）,1,跨面板精确别名,data/institution_alias_registry.json
次级速查快照,次级投资人,中证云,中证云,1,原名保留,
次级速查快照,次级投资人,中金投顾,中金投顾,44,原名保留,
次级速查快照,次级投资人,中金自营,中金公司（自营）,42,跨面板精确别名,data/institution_alias_registry.json
次级速查快照,次级投资人,中金自营（非标）,中金公司（自营）,1,跨面板精确别名,data/institution_alias_registry.json
次级速查快照,次级投资人,中金财富,中金财富,29,原名保留,
次级速查快照,次级投资人,信达自营,信达（自营）,13,跨面板精确别名,data/institution_alias_registry.json
次级速查快照,次级投资人,信达证券,信达（自营）,2,跨面板精确别名,data/institution_alias_registry.json
次级速查快照,次级投资人,利曦基金,利曦基金,57,原名保留,
次级速查快照,次级投资人,利曦基金（换券）,利曦基金,2,跨面板精确别名,data/institution_alias_registry.json
次级速查快照,次级投资人,利曦投资,利曦基金,1,跨面板精确别名,data/institution_alias_registry.json
次级速查快照,次级投资人,华兴自营,华兴（自营）,23,跨面板精确别名,data/institution_alias_registry.json
次级速查快照,次级投资人,华兴证券,华兴（自营）,2,跨面板精确别名,data/institution_alias_registry.json
次级速查快照,次级投资人,华兴银行,华兴银行,1,原名保留,
次级速查快照,次级投资人,华宝资管,华宝资管,27,原名保留,
次级速查快照,次级投资人,华泰自营,华泰自营,16,原名保留,
次级速查快照,次级投资人,南海农商资管,南海农商资管,1,原名保留,
次级速查快照,次级投资人,国信自营,国信自营,47,原名保留,
次级速查快照,次级投资人,国元证券,国元证券,6,原名保留,
次级速查快照,次级投资人,国泰海通,国泰海通,49,原名保留,
次级速查快照,次级投资人,国泰海通客需,国泰海通,2,跨面板精确别名,data/institution_alias_registry.json
次级速查快照,次级投资人,国联证券,国联证券,13,原名保留,
次级速查快照,次级投资人,国联资管,国联证券,2,跨面板精确别名,data/institution_alias_registry.json
次级速查快照,次级投资人,外贸信托,外贸信托,2,原名保留,
次级速查快照,次级投资人,平安理财,平安理财,28,原名保留,
次级速查快照,次级投资人,广发证券,广发证券,18,原名保留,
次级速查快照,次级投资人,广发证券（补续发）,广发证券,1,跨面板精确别名,data/institution_alias_registry.json
次级速查快照,次级投资人,广发资管,广发资管,2,原名保留,
次级速查快照,次级投资人,建信信托,建信信托,43,原名保留,
次级速查快照,次级投资人,建投投顾,建投投顾,29,原名保留,
次级速查快照,次级投资人,建投机构部,建投机构部,33,原名保留,
次级速查快照,次级投资人,建投衍生品,建投衍生品,44,原名保留,
次级速查快照,次级投资人,德邦自营,德邦自营,38,原名保留,
次级速查快照,次级投资人,思达星汇,思达星汇,8,原名保留,
次级速查快照,次级投资人,招银理财,招银理财,44,原名保留,
次级速查快照,次级投资人,易方达,易方达,3,原名保留,
次级速查快照,次级投资人,朗姿韩亚,朗姿韩亚,32,原名保留,
次级速查快照,次级投资人,朗资韩亚,朗姿韩亚,4,跨面板精确别名,data/institution_alias_registry.json
次级速查快照,次级投资人,杭州联合,杭州联合银行,5,跨面板精确别名,data/institution_alias_registry.json
次级速查快照,次级投资人,杭州联合银行,杭州联合银行,18,原名保留,
次级速查快照,次级投资人,杭联资管,杭州联合银行,1,跨面板精确别名,data/institution_alias_registry.json
次级速查快照,次级投资人,汇华理财,汇华理财,2,原名保留,
次级速查快照,次级投资人,沛轩投资,沛轩投资,11,原名保留,
次级速查快照,次级投资人,浙商自营,浙商自营,2,原名保留,
次级速查快照,次级投资人,申万自营,申万自营,50,原名保留,
次级速查快照,次级投资人,粤海资本,粤海资本,2,原名保留,
次级速查快照,次级投资人,粤财信托,粤财信托,7,原名保留,
次级速查快照,次级投资人,紫金信托,紫金信托,1,原名保留,
次级速查快照,次级投资人,自持,自持,6,原名保留,
次级速查快照,次级投资人,西部自营,西部（自营）,21,跨面板精确别名,data/institution_alias_registry.json
次级速查快照,次级投资人,西部证券,西部（自营）,6,跨面板精确别名,data/institution_alias_registry.json
次级速查快照,次级投资人,远东宏信,远东宏信,3,原名保留,
次级速查快照,次级投资人,远行基金,远行基金,1,原名保留,
次级速查快照,次级投资人,重庆富民银行,重庆富民银行,1,原名保留,
次级速查快照,次级投资人,银河固收,银河固收,1,原名保留,
次级速查快照,次级投资人,青岸投资,青岸资本,1,跨面板精确别名,data/institution_alias_registry.json
次级速查快照,次级投资人,青岸资本,青岸资本,11,原名保留,
次级速查快照,次级管理人,—,—,42,原名保留,
次级速查快照,次级管理人,中信,中信,123,原名保留,
次级速查快照,次级管理人,光大,光大,32,原名保留,
次级速查快照,次级管理人,光大证券,光大证券,11,原名保留,
次级速查快照,次级管理人,兴业,兴业,84,原名保留,
次级速查快照,次级管理人,华泰,华泰,147,原名保留,
次级速查快照,次级管理人,华泰资管,华泰资管,8,原名保留,
次级速查快照,次级管理人,国信,国信,13,原名保留,
次级速查快照,次级管理人,国投,国投,21,原名保留,
次级速查快照,次级管理人,国泰海通,国泰海通,106,原名保留,
次级速查快照,次级管理人,国证,国证,1,原名保留,
次级速查快照,次级管理人,天风,天风,24,原名保留,
次级速查快照,次级管理人,建投,建投,71,原名保留,
次级速查快照,次级管理人,招商证券,招商证券,15,原名保留,
次级速查快照,次级管理人,招证,招证,86,原名保留,
次级速查快照,次级管理人,申万,申万,16,原名保留,
次级速查快照,次级管理人,财通,财通,155,原名保留,
次级速查快照,次级管理人,首创,首创,34,原名保留,
额度盘点/全口径历史发行,历史认购机构,上汽财务,上汽财务,37,原名保留,
额度盘点/全口径历史发行,历史认购机构,上海信托,上海信托,3,原名保留,
额度盘点/全口径历史发行,历史认购机构,上海农商行,上海农商行,1,原名保留,
额度盘点/全口径历史发行,历史认购机构,上银理财,上银理财,19,原名保留,
额度盘点/全口径历史发行,历史认购机构,世纪证券投行,世纪证券（投行）,1,投资者格式/后缀规则,scripts/abs_common.py:normalize_investor_name
额度盘点/全口径历史发行,历史认购机构,东家铂睿,东家铂睿,24,原名保留,
额度盘点/全口径历史发行,历史认购机构,中信信托,中信信托,1,原名保留,
额度盘点/全口径历史发行,历史认购机构,中信建投投行,中信建投（投行）,13,投资者格式/后缀规则,scripts/abs_common.py:normalize_investor_name
额度盘点/全口径历史发行,历史认购机构,中信建投投顾,中信建投（投顾）,32,投资者格式/后缀规则,scripts/abs_common.py:normalize_investor_name
额度盘点/全口径历史发行,历史认购机构,中信建投机构部,中信建投机构部,34,原名保留,
额度盘点/全口径历史发行,历史认购机构,中信建投自营,中信建投（自营）,1,投资者格式/后缀规则,scripts/abs_common.py:normalize_investor_name
额度盘点/全口径历史发行,历史认购机构,中信建投衍生品,中信建投衍生品,31,原名保留,
额度盘点/全口径历史发行,历史认购机构,中信建投资管,中信建投资管,4,原名保留,
额度盘点/全口径历史发行,历史认购机构,中信投顾财富,中信投顾财富,1,原名保留,
额度盘点/全口径历史发行,历史认购机构,中信证券固收,中信证券固收,2,原名保留,
额度盘点/全口径历史发行,历史认购机构,中信证券投行,中信证券（投行）,14,投资者格式/后缀规则,scripts/abs_common.py:normalize_investor_name
额度盘点/全口径历史发行,历史认购机构,中信证券投顾,中信证券（投顾）,18,投资者格式/后缀规则,scripts/abs_common.py:normalize_investor_name
额度盘点/全口径历史发行,历史认购机构,中信证券自营,中信证券（自营）,74,投资者格式/后缀规则,scripts/abs_common.py:normalize_investor_name
额度盘点/全口径历史发行,历史认购机构,中信证券财富,中信证券财富,3,原名保留,
额度盘点/全口径历史发行,历史认购机构,中信证券资管,中信证券资管,4,原名保留,
额度盘点/全口径历史发行,历史认购机构,中信财富,中信财富,2,原名保留,
额度盘点/全口径历史发行,历史认购机构,中信银行,中信银行,37,原名保留,
额度盘点/全口径历史发行,历史认购机构,中泰证券,中泰（自营）,1,跨面板精确别名,data/institution_alias_registry.json
额度盘点/全口径历史发行,历史认购机构,中泰证券自营,中泰（自营）,9,跨面板精确别名,data/institution_alias_registry.json
额度盘点/全口径历史发行,历史认购机构,中海信托,中海信托,3,原名保留,
额度盘点/全口径历史发行,历史认购机构,中证资本,中证资本,3,原名保留,
额度盘点/全口径历史发行,历史认购机构,中邮理财,中邮理财,7,原名保留,
额度盘点/全口径历史发行,历史认购机构,中金公司自营,中金公司（自营）,1,投资者格式/后缀规则,scripts/abs_common.py:normalize_investor_name
额度盘点/全口径历史发行,历史认购机构,中金固收,中金固收,5,原名保留,
额度盘点/全口径历史发行,历史认购机构,中金投顾,中金公司（投顾）,24,投资者旧版显式别名,scripts/abs_common.py:normalize_investor_name
额度盘点/全口径历史发行,历史认购机构,中金投颜,中金投颜,1,原名保留,
额度盘点/全口径历史发行,历史认购机构,中金自营,中金公司（自营）,60,跨面板精确别名,data/institution_alias_registry.json
额度盘点/全口径历史发行,历史认购机构,中金证券自营,中金证券（自营）,2,投资者格式/后缀规则,scripts/abs_common.py:normalize_investor_name
额度盘点/全口径历史发行,历史认购机构,中金财富,中金财富,13,原名保留,
额度盘点/全口径历史发行,历史认购机构,中金资管,中金公司（资管）,7,投资者旧版显式别名,scripts/abs_common.py:normalize_investor_name
额度盘点/全口径历史发行,历史认购机构,中银理财,中银理财,26,原名保留,
额度盘点/全口径历史发行,历史认购机构,交易理财,交易理财,1,原名保留,
额度盘点/全口径历史发行,历史认购机构,交银理财,交银理财,135,原名保留,
额度盘点/全口径历史发行,历史认购机构,京东世贸,京东世贸,8,原名保留,
额度盘点/全口径历史发行,历史认购机构,京东自持,京东自持,14,原名保留,
额度盘点/全口径历史发行,历史认购机构,信达自营,信达（自营）,1,跨面板精确别名,data/institution_alias_registry.json
额度盘点/全口径历史发行,历史认购机构,信达证券自营,信达证券（自营）,57,投资者格式/后缀规则,scripts/abs_common.py:normalize_investor_name
额度盘点/全口径历史发行,历史认购机构,信银理财,信银理财,21,原名保留,
额度盘点/全口径历史发行,历史认购机构,光大理财,光大理财,18,原名保留,
额度盘点/全口径历史发行,历史认购机构,光大证券投行,光大证券（投行）,4,投资者格式/后缀规则,scripts/abs_common.py:normalize_investor_name
额度盘点/全口径历史发行,历史认购机构,光大银行,光大银行,21,原名保留,
额度盘点/全口径历史发行,历史认购机构,兴业证券投行,兴业证券（投行）,2,投资者格式/后缀规则,scripts/abs_common.py:normalize_investor_name
额度盘点/全口径历史发行,历史认购机构,兴业证券自营,兴业证券（自营）,1,投资者格式/后缀规则,scripts/abs_common.py:normalize_investor_name
额度盘点/全口径历史发行,历史认购机构,兴银理财,兴银理财,18,原名保留,
额度盘点/全口径历史发行,历史认购机构,利曦基金,利曦基金,56,原名保留,
额度盘点/全口径历史发行,历史认购机构,北京银行,北京银行,1,原名保留,
额度盘点/全口径历史发行,历史认购机构,北银理财,北银理财,15,原名保留,
额度盘点/全口径历史发行,历史认购机构,华兴证券自营,华兴证券（自营）,18,投资者格式/后缀规则,scripts/abs_common.py:normalize_investor_name
额度盘点/全口径历史发行,历史认购机构,华夏基金,华夏基金,11,原名保留,
额度盘点/全口径历史发行,历史认购机构,华夏理财,华夏理财,10,原名保留,
额度盘点/全口径历史发行,历史认购机构,华宝证券自营,华宝证券（自营）,1,投资者格式/后缀规则,scripts/abs_common.py:normalize_investor_name
额度盘点/全口径历史发行,历史认购机构,华宝证券资管,华宝证券资管,29,原名保留,
额度盘点/全口径历史发行,历史认购机构,华泰保兴基金,华泰保兴基金,2,原名保留,
额度盘点/全口径历史发行,历史认购机构,华泰证券自营,华泰证券（自营）,1,投资者格式/后缀规则,scripts/abs_common.py:normalize_investor_name
额度盘点/全口径历史发行,历史认购机构,华泰证券资管,华泰资管,6,投资者旧版显式别名,scripts/abs_common.py:normalize_investor_name
额度盘点/全口径历史发行,历史认购机构,华泰资管,华泰资管,1,原名保留,
额度盘点/全口径历史发行,历史认购机构,华鑫信托,华鑫信托,1,原名保留,
额度盘点/全口径历史发行,历史认购机构,南京银行,南京银行,16,原名保留,
额度盘点/全口径历史发行,历史认购机构,南银理财,南银理财,23,原名保留,
额度盘点/全口径历史发行,历史认购机构,员工理财,员工理财,2,原名保留,
额度盘点/全口径历史发行,历史认购机构,国信自营,国信（自营）,1,投资者格式/后缀规则,scripts/abs_common.py:normalize_investor_name
额度盘点/全口径历史发行,历史认购机构,国信证券投行,国信证券（投行）,10,投资者格式/后缀规则,scripts/abs_common.py:normalize_investor_name
额度盘点/全口径历史发行,历史认购机构,国信证券自营,国信证券（自营）,15,投资者格式/后缀规则,scripts/abs_common.py:normalize_investor_name
额度盘点/全口径历史发行,历史认购机构,国元证券,国元证券,2,原名保留,
额度盘点/全口径历史发行,历史认购机构,国元证券自营,国元证券（自营）,10,投资者格式/后缀规则,scripts/abs_common.py:normalize_investor_name
额度盘点/全口径历史发行,历史认购机构,国寿金石,国寿金石,1,原名保留,
额度盘点/全口径历史发行,历史认购机构,国开证券投行,国开证券（投行）,1,投资者格式/后缀规则,scripts/abs_common.py:normalize_investor_name
额度盘点/全口径历史发行,历史认购机构,国投证券投行,国投证券（投行）,1,投资者格式/后缀规则,scripts/abs_common.py:normalize_investor_name
额度盘点/全口径历史发行,历史认购机构,国投证券自营,国投证券（自营）,2,投资者格式/后缀规则,scripts/abs_common.py:normalize_investor_name
额度盘点/全口径历史发行,历史认购机构,国泰海通,国泰海通,1,原名保留,
额度盘点/全口径历史发行,历史认购机构,国泰海通投,国泰海通投,1,原名保留,
额度盘点/全口径历史发行,历史认购机构,国泰海通投行,国泰海通（投行）,16,投资者格式/后缀规则,scripts/abs_common.py:normalize_investor_name
额度盘点/全口径历史发行,历史认购机构,国泰海通自营,国泰海通（自营）,40,投资者格式/后缀规则,scripts/abs_common.py:normalize_investor_name
额度盘点/全口径历史发行,历史认购机构,国泰证券投行,国泰证券（投行）,1,投资者格式/后缀规则,scripts/abs_common.py:normalize_investor_name
额度盘点/全口径历史发行,历史认购机构,国联证券自营,国联证券（自营）,3,投资者格式/后缀规则,scripts/abs_common.py:normalize_investor_name
额度盘点/全口径历史发行,历史认购机构,外贸信托,外贸信托,23,原名保留,
额度盘点/全口径历史发行,历史认购机构,天津银行,天津银行,1,原名保留,
额度盘点/全口径历史发行,历史认购机构,天风证券自营,天风证券（自营）,1,投资者格式/后缀规则,scripts/abs_common.py:normalize_investor_name
额度盘点/全口径历史发行,历史认购机构,太平基金,太平基金,2,原名保留,
额度盘点/全口径历史发行,历史认购机构,宁夏银行,宁夏银行,13,原名保留,
额度盘点/全口径历史发行,历史认购机构,宁波通商行,宁波通商行,6,原名保留,
额度盘点/全口径历史发行,历史认购机构,宁波银行,宁波银行,7,原名保留,
额度盘点/全口径历史发行,历史认购机构,宁银理财,宁银理财,3,原名保留,
额度盘点/全口径历史发行,历史认购机构,宝武财务,宝武财务,2,原名保留,
额度盘点/全口径历史发行,历史认购机构,宿迁钧腾,宿迁钧腾,31,原名保留,
额度盘点/全口径历史发行,历史认购机构,工银安盛,工银安盛,5,原名保留,
额度盘点/全口径历史发行,历史认购机构,工银理财,工银理财,36,原名保留,
额度盘点/全口径历史发行,历史认购机构,平安理财,平安理财,8,原名保留,
额度盘点/全口径历史发行,历史认购机构,平安银行,平安银行,3,原名保留,
额度盘点/全口径历史发行,历史认购机构,广发证券投行,广发证券（投行）,1,投资者格式/后缀规则,scripts/abs_common.py:normalize_investor_name
额度盘点/全口径历史发行,历史认购机构,广发证券自营,广发证券（自营）,13,投资者格式/后缀规则,scripts/abs_common.py:normalize_investor_name
额度盘点/全口径历史发行,历史认购机构,广州银行,广州银行,2,原名保留,
额度盘点/全口径历史发行,历史认购机构,建信信托,建信信托,16,原名保留,
额度盘点/全口径历史发行,历史认购机构,建信理财,建信理财,2,原名保留,
额度盘点/全口径历史发行,历史认购机构,建投投顾,建投（投顾）,2,投资者格式/后缀规则,scripts/abs_common.py:normalize_investor_name
额度盘点/全口径历史发行,历史认购机构,建投机构部,中信建投（机构部）,2,投资者旧版显式别名,scripts/abs_common.py:normalize_investor_name
额度盘点/全口径历史发行,历史认购机构,建新信托,建新信托,1,原名保留,
额度盘点/全口径历史发行,历史认购机构,建设银行,建设银行,1,原名保留,
额度盘点/全口径历史发行,历史认购机构,开泰银行,开泰银行,4,原名保留,
额度盘点/全口径历史发行,历史认购机构,德邦证券自营,德邦证券（自营）,27,投资者格式/后缀规则,scripts/abs_common.py:normalize_investor_name
额度盘点/全口径历史发行,历史认购机构,思达星汇,思达星汇,1,原名保留,
额度盘点/全口径历史发行,历史认购机构,恒丰银行,恒丰银行,2,原名保留,
额度盘点/全口径历史发行,历史认购机构,招商证券投行,招商证券（投行）,1,投资者格式/后缀规则,scripts/abs_common.py:normalize_investor_name
额度盘点/全口径历史发行,历史认购机构,招银理财,招银理财,64,原名保留,
额度盘点/全口径历史发行,历史认购机构,摩根大通,摩根大通,2,原名保留,
额度盘点/全口径历史发行,历史认购机构,昆仑银行,昆仑银行,2,原名保留,
额度盘点/全口径历史发行,历史认购机构,易方达基金,易方达基金,31,原名保留,
额度盘点/全口径历史发行,历史认购机构,朗姿韩亚,朗姿韩亚,9,原名保留,
额度盘点/全口径历史发行,历史认购机构,杭州联合银行,杭州联合银行,3,原名保留,
额度盘点/全口径历史发行,历史认购机构,杭银理财,杭银理财,1,原名保留,
额度盘点/全口径历史发行,历史认购机构,民生理财,民生理财,38,原名保留,
额度盘点/全口径历史发行,历史认购机构,汇丰银行,汇丰银行,8,原名保留,
额度盘点/全口径历史发行,历史认购机构,汇正融担,汇正融担,13,原名保留,
额度盘点/全口径历史发行,历史认购机构,江苏银行,江苏银行,10,原名保留,
额度盘点/全口径历史发行,历史认购机构,沛轩投资,沛轩投资,5,原名保留,
额度盘点/全口径历史发行,历史认购机构,泰康资产,泰康资产,1,原名保留,
额度盘点/全口径历史发行,历史认购机构,浙商证券自营,浙商证券（自营）,3,投资者格式/后缀规则,scripts/abs_common.py:normalize_investor_name
额度盘点/全口径历史发行,历史认购机构,浙商银河,浙商银河,1,原名保留,
额度盘点/全口径历史发行,历史认购机构,浙商银行,浙商银行,83,原名保留,
额度盘点/全口径历史发行,历史认购机构,浙金信托,浙金信托,1,原名保留,
额度盘点/全口径历史发行,历史认购机构,浦发银行,浦发银行,12,原名保留,
额度盘点/全口径历史发行,历史认购机构,浦发银行北分,浦发银行北分,1,原名保留,
额度盘点/全口径历史发行,历史认购机构,浦发银行重分,浦发银行重分,1,原名保留,
额度盘点/全口径历史发行,历史认购机构,浦银理财,浦银理财,2,原名保留,
额度盘点/全口径历史发行,历史认购机构,淅商银行,淅商银行,2,原名保留,
额度盘点/全口径历史发行,历史认购机构,渤海银行,渤海银行,2,原名保留,
额度盘点/全口径历史发行,历史认购机构,申万宏源投行,申万宏源（投行）,2,投资者格式/后缀规则,scripts/abs_common.py:normalize_investor_name
额度盘点/全口径历史发行,历史认购机构,申万宏源投顾,申万宏源（投顾）,2,投资者格式/后缀规则,scripts/abs_common.py:normalize_investor_name
额度盘点/全口径历史发行,历史认购机构,申万宏源自营,申万宏源（自营）,30,投资者格式/后缀规则,scripts/abs_common.py:normalize_investor_name
额度盘点/全口径历史发行,历史认购机构,申万宏源资管,申万宏源资管,3,原名保留,
额度盘点/全口径历史发行,历史认购机构,申万自营,申万（自营）,1,投资者格式/后缀规则,scripts/abs_common.py:normalize_investor_name
额度盘点/全口径历史发行,历史认购机构,盛华基金,盛华基金,1,原名保留,
额度盘点/全口径历史发行,历史认购机构,盛际小货,盛际小货,1,原名保留,
额度盘点/全口径历史发行,历史认购机构,盛际小贷,盛际小贷,22,原名保留,
额度盘点/全口径历史发行,历史认购机构,石嘴山银行,石嘴山银行,3,原名保留,
额度盘点/全口径历史发行,历史认购机构,秦农商行,秦农商行,1,原名保留,
额度盘点/全口径历史发行,历史认购机构,粤海资本,粤海资本,1,原名保留,
额度盘点/全口径历史发行,历史认购机构,粤财信托,粤财信托,2,原名保留,
额度盘点/全口径历史发行,历史认购机构,苏银理财,苏银理财,60,原名保留,
额度盘点/全口径历史发行,历史认购机构,英大资本,英大资本,1,原名保留,
额度盘点/全口径历史发行,历史认购机构,西部自营,西部（自营）,1,跨面板精确别名,data/institution_alias_registry.json
额度盘点/全口径历史发行,历史认购机构,西部证券投行,西部证券（投行）,2,投资者格式/后缀规则,scripts/abs_common.py:normalize_investor_name
额度盘点/全口径历史发行,历史认购机构,西部证券自营,西部证券（自营）,27,投资者格式/后缀规则,scripts/abs_common.py:normalize_investor_name
额度盘点/全口径历史发行,历史认购机构,财通资管,财通资管,1,原名保留,
额度盘点/全口径历史发行,历史认购机构,财通资管投行,财通资管（投行）,2,投资者格式/后缀规则,scripts/abs_common.py:normalize_investor_name
额度盘点/全口径历史发行,历史认购机构,越秀金控,越秀金控,2,原名保留,
额度盘点/全口径历史发行,历史认购机构,远东宏信,远东宏信,12,原名保留,
额度盘点/全口径历史发行,历史认购机构,远行基金,远行基金,3,原名保留,
额度盘点/全口径历史发行,历史认购机构,邦汇保理,邦汇保理,18,原名保留,
额度盘点/全口径历史发行,历史认购机构,邮储银行,邮储银行,10,原名保留,
额度盘点/全口径历史发行,历史认购机构,银河FICC,银河FICC,10,原名保留,
额度盘点/全口径历史发行,历史认购机构,银河固收,银河固收,1,原名保留,
额度盘点/全口径历史发行,历史认购机构,银河证券,银河证券,1,原名保留,
额度盘点/全口径历史发行,历史认购机构,银河证券固收,银河证券固收,3,原名保留,
额度盘点/全口径历史发行,历史认购机构,长城证券投行,长城证券（投行）,2,投资者格式/后缀规则,scripts/abs_common.py:normalize_investor_name
额度盘点/全口径历史发行,历史认购机构,青岛银行,青岛银行,3,原名保留,
额度盘点/全口径历史发行,历史认购机构,青岸投资,青岸资本,7,跨面板精确别名,data/institution_alias_registry.json
额度盘点/全口径历史发行,历史认购机构,青岸资本,青岸资本,1,原名保留,
额度盘点/全口径历史发行,历史认购机构,青银理财,青银理财,11,原名保留,
额度盘点/全口径历史发行,历史认购机构,顺德农商行,顺德农商行,4,原名保留,
额度盘点/全口径历史发行,历史认购机构,首创自营,首创（自营）,2,投资者格式/后缀规则,scripts/abs_common.py:normalize_investor_name
额度盘点/全口径历史发行,历史认购机构,首创证券投行,首创证券（投行）,2,投资者格式/后缀规则,scripts/abs_common.py:normalize_investor_name
额度盘点/全口径历史发行,历史认购机构,首创证券自营,首创证券（自营）,2,投资者格式/后缀规则,scripts/abs_common.py:normalize_investor_name
额度盘点/全口径历史发行,历史认购机构,鲁民投,鲁民投,5,原名保留,
额度盘点/全口径历史发行,历史认购机构,黄河农商行,黄河农商行,1,原名保留,
额度盘点/全口径历史发行,历史认购机构,齐鲁银行,齐鲁银行,10,原名保留,
额度盘点/总授信,授信机构,上银理财,上银理财,1,原名保留,
额度盘点/总授信,授信机构,东莞农商业银行,东莞农商业银行,1,原名保留,
额度盘点/总授信,授信机构,中邮理财,中邮理财,1,原名保留,
额度盘点/总授信,授信机构,中银理财,中银理财,1,原名保留,
额度盘点/总授信,授信机构,交银理财,交银理财,1,原名保留,
额度盘点/总授信,授信机构,光大理财,光大理财,1,原名保留,
额度盘点/总授信,授信机构,兴银理财,兴银理财,1,原名保留,
额度盘点/总授信,授信机构,北银理财,北银理财,1,原名保留,
额度盘点/总授信,授信机构,华夏理财,华夏理财,1,原名保留,
额度盘点/总授信,授信机构,南京银行,南京银行,1,原名保留,
额度盘点/总授信,授信机构,南银理财,南银理财,1,原名保留,
额度盘点/总授信,授信机构,厦门国际银行,厦门国际银行,1,原名保留,
额度盘点/总授信,授信机构,宁夏银行,宁夏银行,1,原名保留,
额度盘点/总授信,授信机构,工银理财,工银理财,1,原名保留,
额度盘点/总授信,授信机构,平安养老,平安养老,1,原名保留,
额度盘点/总授信,授信机构,平安理财,平安理财,1,原名保留,
额度盘点/总授信,授信机构,平安银行,平安银行,1,原名保留,
额度盘点/总授信,授信机构,广州银行,广州银行,1,原名保留,
额度盘点/总授信,授信机构,广银理财,广银理财,1,原名保留,
额度盘点/总授信,授信机构,建信理财,建信理财,1,原名保留,
额度盘点/总授信,授信机构,建设银行,建设银行,1,原名保留,
额度盘点/总授信,授信机构,恒丰银行,恒丰银行,1,原名保留,
额度盘点/总授信,授信机构,招银理财,招银理财,1,原名保留,
额度盘点/总授信,授信机构,摩根大通,摩根大通,1,原名保留,
额度盘点/总授信,授信机构,易方达基金,易方达基金,1,原名保留,
额度盘点/总授信,授信机构,杭州联合银行,杭州联合银行,1,原名保留,
额度盘点/总授信,授信机构,杭银理财,杭银理财,1,原名保留,
额度盘点/总授信,授信机构,民生理财,民生理财,1,原名保留,
额度盘点/总授信,授信机构,汇丰银行,汇丰银行,1,原名保留,
额度盘点/总授信,授信机构,江苏银行,江苏银行,1,原名保留,
额度盘点/总授信,授信机构,沪农商行,沪农商行,1,原名保留,
额度盘点/总授信,授信机构,紫金信托,紫金信托,1,原名保留,
额度盘点/总授信,授信机构,花旗银行,花旗银行,1,原名保留,
额度盘点/总授信,授信机构,苏银理财,苏银理财,1,原名保留,
额度盘点/总授信,授信机构,重庆农商&理财,重庆农商&理财,1,原名保留,
额度盘点/总授信,授信机构,青岛银行,青岛银行,1,原名保留,
额度盘点/总授信,授信机构,青银理财,青银理财,1,原名保留,
额度盘点/非标历史发行,历史认购机构,上汽财务,上汽财务,22,原名保留,
额度盘点/非标历史发行,历史认购机构,上海农商行,上海农商行,4,原名保留,
额度盘点/非标历史发行,历史认购机构,上银理财,上银理财,2,原名保留,
额度盘点/非标历史发行,历史认购机构,中信建投投顾,中信建投（投顾）,5,投资者格式/后缀规则,scripts/abs_common.py:normalize_investor_name
额度盘点/非标历史发行,历史认购机构,中信建投机构部,中信建投机构部,8,原名保留,
额度盘点/非标历史发行,历史认购机构,中信建投衍生品,中信建投衍生品,4,原名保留,
额度盘点/非标历史发行,历史认购机构,中信证券自营,中信证券（自营）,2,投资者格式/后缀规则,scripts/abs_common.py:normalize_investor_name
额度盘点/非标历史发行,历史认购机构,中信银行,中信银行,6,原名保留,
额度盘点/非标历史发行,历史认购机构,中泰证券自营,中泰（自营）,2,跨面板精确别名,data/institution_alias_registry.json
额度盘点/非标历史发行,历史认购机构,中邮理财,中邮理财,10,原名保留,
额度盘点/非标历史发行,历史认购机构,中金投顾,中金公司（投顾）,3,投资者旧版显式别名,scripts/abs_common.py:normalize_investor_name
额度盘点/非标历史发行,历史认购机构,中金自营,中金公司（自营）,21,跨面板精确别名,data/institution_alias_registry.json
额度盘点/非标历史发行,历史认购机构,中金财富,中金财富,3,原名保留,
额度盘点/非标历史发行,历史认购机构,中银理财,中银理财,5,原名保留,
额度盘点/非标历史发行,历史认购机构,京东自持,京东自持,4,原名保留,
额度盘点/非标历史发行,历史认购机构,信达自营,信达（自营）,1,跨面板精确别名,data/institution_alias_registry.json
额度盘点/非标历史发行,历史认购机构,信达证券自营,信达证券（自营）,16,投资者格式/后缀规则,scripts/abs_common.py:normalize_investor_name
额度盘点/非标历史发行,历史认购机构,信银理财,信银理财,10,原名保留,
额度盘点/非标历史发行,历史认购机构,兴银理财,兴银理财,5,原名保留,
额度盘点/非标历史发行,历史认购机构,华夏理财,华夏理财,1,原名保留,
额度盘点/非标历史发行,历史认购机构,南银理财,南银理财,5,原名保留,
额度盘点/非标历史发行,历史认购机构,国信证券自营,国信证券（自营）,4,投资者格式/后缀规则,scripts/abs_common.py:normalize_investor_name
额度盘点/非标历史发行,历史认购机构,宁银理财,宁银理财,4,原名保留,
额度盘点/非标历史发行,历史认购机构,工银安盛,工银安盛,5,原名保留,
额度盘点/非标历史发行,历史认购机构,平安理财,平安理财,3,原名保留,
额度盘点/非标历史发行,历史认购机构,招商信诺,招商信诺,1,原名保留,
额度盘点/非标历史发行,历史认购机构,招银理财,招银理财,2,原名保留,
额度盘点/非标历史发行,历史认购机构,摩根大通,摩根大通,2,原名保留,
额度盘点/非标历史发行,历史认购机构,民生理财,民生理财,3,原名保留,
额度盘点/非标历史发行,历史认购机构,汇丰银行,汇丰银行,9,原名保留,
额度盘点/非标历史发行,历史认购机构,浦发银行,浦发银行,2,原名保留,
额度盘点/非标历史发行,历史认购机构,浦银理财,浦银理财,3,原名保留,
额度盘点/非标历史发行,历史认购机构,苏银理财,苏银理财,26,原名保留,
额度盘点/非标历史发行,历史认购机构,青岸投资,青岸资本,1,跨面板精确别名,data/institution_alias_registry.json
额度盘点/非标授信,授信机构,JPM,JPM,1,原名保留,
额度盘点/非标授信,授信机构,TCL（财务公司）,TCL（财务公司）,1,原名保留,
额度盘点/非标授信,授信机构,VIVO,VIVO,1,原名保留,
额度盘点/非标授信,授信机构,三一,三一,1,原名保留,
额度盘点/非标授信,授信机构,上汽财务,上汽财务,1,原名保留,
额度盘点/非标授信,授信机构,上银理财,上银理财,1,原名保留,
额度盘点/非标授信,授信机构,中信建投,中信建投,1,原名保留,
额度盘点/非标授信,授信机构,中信投顾,中信投顾,1,原名保留,
额度盘点/非标授信,授信机构,中信自营,中信证券,2,跨面板精确别名,data/institution_alias_registry.json
额度盘点/非标授信,授信机构,中证（信用+云）,中证（信用+云）,1,原名保留,
额度盘点/非标授信,授信机构,中邮理财,中邮理财,1,原名保留,
额度盘点/非标授信,授信机构,中邮私行,中邮私行,1,原名保留,
额度盘点/非标授信,授信机构,中金投顾,中金投顾,1,原名保留,
额度盘点/非标授信,授信机构,中金自营,中金公司（自营）,2,跨面板精确别名,data/institution_alias_registry.json
额度盘点/非标授信,授信机构,中银理财,中银理财,1,原名保留,
额度盘点/非标授信,授信机构,光大理财,光大理财,1,原名保留,
额度盘点/非标授信,授信机构,光大私行,光大私行,1,原名保留,
额度盘点/非标授信,授信机构,兴业银行,兴业银行,1,原名保留,
额度盘点/非标授信,授信机构,兴银理财,兴银理财,2,原名保留,
额度盘点/非标授信,授信机构,凤凰传媒,凤凰传媒,1,原名保留,
额度盘点/非标授信,授信机构,华数集团,华数集团,1,原名保留,
额度盘点/非标授信,授信机构,华泰财富,华泰财富,1,原名保留,
额度盘点/非标授信,授信机构,南银理财,南银理财,1,原名保留,
额度盘点/非标授信,授信机构,国元自营,国元自营,1,原名保留,
额度盘点/非标授信,授信机构,工银理财,工银理财,1,原名保留,
额度盘点/非标授信,授信机构,建信理财,建信理财,1,原名保留,
额度盘点/非标授信,授信机构,建投投顾,建投投顾,1,原名保留,
额度盘点/非标授信,授信机构,建投机构部,建投机构部,1,原名保留,
额度盘点/非标授信,授信机构,建投衍生品,建投衍生品,1,原名保留,
额度盘点/非标授信,授信机构,招银理财,招银理财,1,原名保留,
额度盘点/非标授信,授信机构,摩根大通,摩根大通,1,原名保留,
额度盘点/非标授信,授信机构,汇丰银行,汇丰银行,1,原名保留,
额度盘点/非标授信,授信机构,沪农商行,沪农商行,1,原名保留,
额度盘点/非标授信,授信机构,浦发私行,浦发私行,1,原名保留,
额度盘点/非标授信,授信机构,海信集团,海信集团,1,原名保留,
额度盘点/非标授信,授信机构,海南财金,海南财金,1,原名保留,
额度盘点/非标授信,授信机构,海天味业,海天味业,1,原名保留,
额度盘点/非标授信,授信机构,海尔集团,海尔集团,1,原名保留,
额度盘点/非标授信,授信机构,花旗,花旗,1,原名保留,
额度盘点/非标授信,授信机构,花旗银行,花旗银行,1,原名保留,
额度盘点/非标授信,授信机构,苏银理财,苏银理财,1,原名保留,
额度盘点/非标授信,授信机构,财通代销,财通代销,1,原名保留,
额度盘点/非标授信,授信机构,银河金汇,银河金汇,1,原名保留,
